solver_item_id,solver_subset,solver_difficulty_centered,solver_difficulty_centered_laplace_se,judge_difficulty_centered,judge_difficulty_centered_laplace_se,kudge_split
730,Korean-Hard,11.461952209472656,0.9587176442146301,3.502955198287964,1.1078150272369385,Hard
12,Korean-Easy,10.76306438446045,2.597993850708008,0.9129352569580078,0.93623286485672,Easy
650,Korean-Hard,10.762996673583984,2.602623224258423,-0.668556272983551,3.0870110988616943,Hard
665,Korean-Hard,9.068446159362793,1.9616186618804932,-0.02794945240020752,1.050803303718567,Hard
725,Korean-Hard,8.693968772888184,1.746272325515747,1.1244089603424072,0.652270495891571,Hard
138,Korean-Easy,8.598652839660645,1.8838359117507935,0.20820748805999756,0.8472342491149902,Easy
273,Korean-Easy,8.519338607788086,0.9415287971496582,-3.5849177837371826,2.7726798057556152,Easy
191,Korean-Easy,7.814577102661133,0.9970512390136719,3.3031582832336426,1.0753324031829834,Easy
734,Korean-Hard,7.63599967956543,9.39396858215332,3.71370005607605,1.0708791017532349,Hard
145,Korean-Easy,7.241731643676758,1.38701331615448,8.481114387512207,2.2703030109405518,Easy
271,Korean-Easy,7.217278957366943,1.6704329252243042,7.095734119415283,1.4336814880371094,Easy
13,Korean-Easy,7.172237396240234,1.0364567041397095,0.37844568490982056,0.7548792958259583,Easy
716,Korean-Hard,7.163913726806641,1.6175628900527954,-0.11238539218902588,0.7596302032470703,Hard
278,Korean-Easy,6.799107551574707,1.6126192808151245,-0.4373258948326111,0.8910912871360779,Easy
261,Korean-Easy,6.690845489501953,1.797392725944519,3.0817346572875977,1.4149125814437866,Easy
270,Korean-Easy,6.56076192855835,1.5350682735443115,-0.38264578580856323,1.202682375907898,Easy
274,Korean-Easy,6.525901794433594,1.32464599609375,2.4746344089508057,0.8229501247406006,Easy
666,Korean-Hard,6.520017147064209,1.5718506574630737,3.0164263248443604,0.9580237865447998,Hard
696,Korean-Hard,6.174941539764404,0.9778389930725098,-1.0238831043243408,3.4991636276245117,Hard
200,Korean-Easy,5.91248083114624,3.2344045639038086,-1.0570135116577148,4.130062580108643,Easy
681,Korean-Hard,5.844324588775635,3.011760711669922,2.1078062057495117,0.9865516424179077,Hard
101,Korean-Easy,5.686429500579834,1.4459583759307861,1.7311813831329346,0.7998714447021484,Easy
659,Korean-Hard,5.668483734130859,0.8040737509727478,1.5332081317901611,0.7301281094551086,Hard
14,Korean-Easy,5.626035213470459,2.9668519496917725,2.311941623687744,1.1517093181610107,Easy
121,Korean-Easy,5.568915843963623,2.805675983428955,5.929656982421875,1.6146793365478516,Easy
669,Korean-Hard,5.5020270347595215,1.6135435104370117,3.7855992317199707,1.6422053575515747,Hard
690,Korean-Hard,5.149291515350342,1.1218398809432983,-0.2646234631538391,4.141576290130615,Hard
684,Korean-Hard,5.134161472320557,5.887261390686035,1.5615859031677246,0.9436349272727966,Hard
262,Korean-Easy,5.1127448081970215,0.8991580009460449,-5.1144843101501465,9.57979965209961,Easy
215,Korean-Easy,4.9034271240234375,2.017768144607544,1.012953519821167,0.7478312253952026,Easy
58,Korean-Easy,4.643959999084473,2.4469399452209473,-2.8136916160583496,3.109449863433838,Easy
108,Korean-Easy,4.58242654800415,2.236829996109009,-0.7653132081031799,0.9183897972106934,Easy
679,Korean-Hard,4.574113845825195,5.809243679046631,2.682817220687866,0.9873986840248108,Hard
268,Korean-Easy,4.547903060913086,0.8764996528625488,1.4138524532318115,0.6492033004760742,Easy
8,Korean-Easy,4.52408504486084,2.272430181503296,0.971124529838562,0.7339144349098206,Easy
113,Korean-Easy,4.442519664764404,1.2529304027557373,-1.042001485824585,1.079681158065796,Easy
279,Korean-Easy,4.441282749176025,2.350940227508545,-4.879115581512451,1.8726661205291748,Easy
705,Korean-Hard,4.4137797355651855,4.204563140869141,0.622814953327179,0.6561776995658875,Hard
670,Korean-Hard,4.413767337799072,5.14443302154541,2.2347211837768555,0.745945394039154,Hard
660,Korean-Hard,4.3046875,1.0719393491744995,5.878600120544434,1.4109928607940674,Hard
656,Korean-Hard,4.234788417816162,2.7659332752227783,4.259925842285156,1.1650336980819702,Hard
700,Korean-Hard,4.044011116027832,3.467609167098999,0.7603515982627869,0.6712275147438049,Hard
678,Korean-Hard,3.9199514389038086,0.9176968336105347,2.2208282947540283,1.1735308170318604,Hard
718,Korean-Hard,3.8924028873443604,4.257609844207764,-1.363459587097168,1.150259017944336,Hard
719,Korean-Hard,3.7918195724487305,0.8575795888900757,-0.24797099828720093,1.0010520219802856,Hard
701,Korean-Hard,3.77441143989563,3.8977913856506348,1.663177251815796,0.9896716475486755,Hard
112,Korean-Easy,3.721499443054199,0.9867883324623108,1.6535284519195557,0.8792529702186584,Easy
55,Korean-Easy,3.6536972522735596,1.8913638591766357,-2.6634435653686523,2.568603038787842,Easy
236,Korean-Easy,3.6260359287261963,0.8773167729377747,-0.2587067484855652,0.775998592376709,Easy
682,Korean-Hard,3.575485944747925,3.3015730381011963,1.3662748336791992,1.612776756286621,Hard
738,Korean-Hard,3.556133508682251,0.8526084423065186,1.36815345287323,0.7363874912261963,Hard
675,Korean-Hard,3.5346951484680176,0.9810227751731873,3.560769557952881,1.0615932941436768,Hard
185,Korean-Easy,3.517296314239502,1.2845243215560913,-1.2164030075073242,5.930383682250977,Easy
54,Korean-Easy,3.398536205291748,1.0243083238601685,-0.31840652227401733,0.8280583024024963,Easy
649,Korean-Hard,3.326293706893921,3.351686954498291,2.1439669132232666,0.7839497923851013,Hard
3,Korean-Easy,3.310152053833008,1.0177747011184692,-0.057251572608947754,0.7262122631072998,Easy
686,Korean-Hard,3.2606284618377686,0.7560958862304688,2.19931697845459,0.8722323775291443,Hard
661,Korean-Hard,3.1097073554992676,2.1488068103790283,1.122435450553894,0.748149573802948,Hard
192,Korean-Easy,2.977783679962158,1.6387808322906494,-0.08461540937423706,1.0679469108581543,Easy
736,Korean-Hard,2.9667112827301025,0.8353639841079712,2.7278449535369873,0.9326133131980896,Hard
695,Korean-Hard,2.5470142364501953,0.8993895053863525,0.866179883480072,0.6408734321594238,Hard
691,Korean-Hard,2.4569127559661865,1.0620304346084595,0.28022289276123047,0.75523841381073,Hard
2,Korean-Easy,2.4373443126678467,1.3370293378829956,1.4879698753356934,0.7172005772590637,Easy
671,Korean-Hard,2.4289071559906006,1.0653595924377441,8.632474899291992,3.1304829120635986,Hard
104,Korean-Easy,2.3091518878936768,0.8113189339637756,0.3498290777206421,0.7767447233200073,Easy
711,Korean-Hard,2.169487476348877,0.9104833006858826,-0.7937465310096741,3.2491207122802734,Hard
721,Korean-Hard,2.1616625785827637,1.0683828592300415,-0.28573065996170044,0.6900967955589294,Hard
731,Korean-Hard,2.121901750564575,1.1856279373168945,2.672903299331665,1.0288691520690918,Hard
159,Korean-Easy,2.106550693511963,1.281974196434021,1.4572696685791016,0.7090784311294556,Easy
131,Korean-Easy,2.097062587738037,1.1881330013275146,1.6021852493286133,0.8370406031608582,Easy
229,Korean-Easy,2.069045305252075,1.273681402206421,-2.4189651012420654,1.1901686191558838,Easy
211,Korean-Easy,2.034358501434326,1.2844961881637573,-0.594184935092926,0.9382382035255432,Easy
729,Korean-Hard,1.983353853225708,1.0555109977722168,-2.4732437133789062,2.715535879135132,Hard
697,Korean-Hard,1.9542279243469238,0.8245900869369507,0.4388457238674164,0.7401726841926575,Hard
655,Korean-Hard,1.952038049697876,0.9471707344055176,9.356413841247559,1.6827549934387207,Hard
647,Korean-Hard,1.9475514888763428,1.080230712890625,1.633091688156128,0.7663549184799194,Hard
733,Korean-Hard,1.936076283454895,0.94454425573349,-0.6335639357566833,0.8759572505950928,Hard
233,Korean-Easy,1.853527545928955,0.7816207408905029,-0.2782178521156311,0.6839014291763306,Easy
703,Korean-Hard,1.8382805585861206,1.2466342449188232,1.5081470012664795,0.7166374325752258,Hard
714,Korean-Hard,1.8313138484954834,0.7117781043052673,0.16695445775985718,0.7019380331039429,Hard
702,Korean-Hard,1.803831696510315,0.9937926530838013,3.16334867477417,0.868229329586029,Hard
727,Korean-Hard,1.7399327754974365,0.7622063159942627,2.338670015335083,1.1667368412017822,Hard
127,Korean-Easy,1.7009434700012207,0.9150283932685852,0.8099853992462158,0.7501317262649536,Easy
689,Korean-Hard,1.667024850845337,0.7050942182540894,1.447196125984192,0.7589963674545288,Hard
735,Korean-Hard,1.6474099159240723,0.7035746574401855,2.2288713455200195,0.8051852583885193,Hard
105,Korean-Easy,1.5988214015960693,0.9007853865623474,0.5840322375297546,2.011765241622925,Easy
662,Korean-Hard,1.5941725969314575,0.7428032755851746,-0.2537151575088501,0.6717413663864136,Hard
658,Korean-Hard,1.5939332246780396,0.7831318378448486,2.113705635070801,1.1062335968017578,Hard
93,Korean-Easy,1.5933668613433838,0.8183236122131348,-2.9412989616394043,1.238326907157898,Easy
276,Korean-Easy,1.5790680646896362,0.8265071511268616,4.36583137512207,3.2200331687927246,Easy
33,Korean-Easy,1.5627881288528442,0.8955176472663879,1.2018954753875732,0.6537793278694153,Easy
250,Korean-Easy,1.5424422025680542,0.8936769962310791,6.804603576660156,1.320206880569458,Easy
251,Korean-Easy,1.5337843894958496,1.2133365869522095,1.9531128406524658,0.8641448616981506,Easy
237,Korean-Easy,1.5314050912857056,1.1500869989395142,2.7682273387908936,0.935007631778717,Easy
91,Korean-Easy,1.5294029712677002,0.8935257196426392,1.662026286125183,0.9880738258361816,Easy
707,Korean-Hard,1.5211764574050903,0.8926997184753418,0.301955908536911,0.6608604788780212,Hard
657,Korean-Hard,1.512498378753662,0.8176065683364868,2.428424596786499,1.6762572526931763,Hard
264,Korean-Easy,1.4600895643234253,0.9154307842254639,2.1640145778656006,1.0864827632904053,Easy
19,Korean-Easy,1.4376760721206665,0.9116991758346558,-0.5896417498588562,0.9365032315254211,Easy
65,Korean-Easy,1.2992231845855713,0.8364183902740479,-5.102252960205078,1.9427316188812256,Easy
184,Korean-Easy,1.2060704231262207,0.8442690372467041,1.6641514301300049,0.7768723368644714,Easy
98,Korean-Easy,1.169362187385559,0.7033171653747559,-0.25223225355148315,1.0032241344451904,Easy
140,Korean-Easy,1.152961254119873,1.0893349647521973,-1.3565549850463867,1.088610053062439,Easy
110,Korean-Easy,1.151874303817749,0.7515308856964111,-0.17850583791732788,0.8575567007064819,Easy
42,Korean-Easy,1.1479082107543945,1.1301981210708618,-0.7490432858467102,2.3629519939422607,Easy
706,Korean-Hard,1.1353018283843994,1.0857603549957275,1.570725917816162,0.6713463664054871,Hard
30,Korean-Easy,1.1295382976531982,0.8592004776000977,-0.5851607918739319,0.9347589015960693,Easy
176,Korean-Easy,1.0402226448059082,3.546473503112793,0.18284457921981812,0.6912211775779724,Easy
740,Korean-Hard,1.0201860666275024,0.7168914675712585,1.284989356994629,0.6754580140113831,Hard
654,Korean-Hard,0.9451224207878113,0.811830997467041,0.8738762140274048,0.6255673170089722,Hard
52,Korean-Easy,0.9260060787200928,0.8241885900497437,-1.509084701538086,1.0753333568572998,Easy
73,Korean-Easy,0.9186685085296631,0.8237953782081604,-4.7871928215026855,1.8453999757766724,Easy
61,Korean-Easy,0.9114366173744202,0.823113203048706,4.390257835388184,1.0753077268600464,Easy
126,Korean-Easy,0.9099239706993103,0.823137640953064,1.1239886283874512,0.7203437685966492,Easy
674,Korean-Hard,0.875280499458313,0.6603468656539917,5.372894763946533,1.4541336297988892,Hard
167,Korean-Easy,0.8751003742218018,0.7629035711288452,0.07656574249267578,0.8702321648597717,Easy
709,Korean-Hard,0.8746650218963623,1.0541014671325684,4.546936988830566,3.4927375316619873,Hard
23,Korean-Easy,0.8739855289459229,1.054700255393982,-4.906411170959473,3.941403865814209,Easy
38,Korean-Easy,0.8657938838005066,2.748985767364502,-0.3133695721626282,0.8161354064941406,Easy
50,Korean-Easy,0.8624261617660522,1.0526586771011353,1.318419098854065,0.6638180613517761,Easy
266,Korean-Easy,0.848925769329071,1.048463225364685,2.3124115467071533,1.0922539234161377,Easy
158,Korean-Easy,0.8376128077507019,3.0510520935058594,-1.356602668762207,1.1486539840698242,Easy
89,Korean-Easy,0.8226684331893921,0.911590039730072,0.7424869537353516,2.1464626789093018,Easy
4,Korean-Easy,0.8042261004447937,4.738532066345215,0.3621899485588074,0.7203870415687561,Easy
115,Korean-Easy,0.7972512245178223,2.6020429134368896,-4.975747108459473,4.051986217498779,Easy
68,Korean-Easy,0.7899417877197266,2.890988349914551,-0.3612838387489319,1.2036539316177368,Easy
667,Korean-Hard,0.7827494144439697,0.751140296459198,3.2998926639556885,1.4894236326217651,Hard
47,Korean-Easy,0.7777048349380493,1.033363699913025,0.5802193284034729,0.928987443447113,Easy
39,Korean-Easy,0.7760120034217834,0.8003334999084473,1.2854013442993164,0.7829126119613647,Easy
186,Korean-Easy,0.770492434501648,0.7960989475250244,1.1872658729553223,0.7518590092658997,Easy
81,Korean-Easy,0.7675495743751526,3.3691766262054443,0.8635340929031372,0.8931381106376648,Easy
46,Korean-Easy,0.7622824907302856,0.799284815788269,0.3271377682685852,0.7215089201927185,Easy
228,Korean-Easy,0.7172544002532959,0.7579131126403809,-0.06350117921829224,0.8296551704406738,Easy
83,Korean-Easy,0.7078444957733154,2.616030216217041,1.2495743036270142,1.0458780527114868,Easy
694,Korean-Hard,0.707028329372406,0.705551266670227,0.6204158067703247,0.6988180875778198,Hard
732,Korean-Hard,0.7013698816299438,0.6610363721847534,6.9522271156311035,1.3090813159942627,Hard
680,Korean-Hard,0.6785603165626526,1.0600298643112183,-1.1238210201263428,1.06332528591156,Hard
148,Korean-Easy,0.6742629408836365,1.4019333124160767,-1.4340548515319824,1.0287429094314575,Easy
154,Korean-Easy,0.6736419200897217,0.6797610521316528,-0.22416538000106812,0.8646193742752075,Easy
86,Korean-Easy,0.6682755947113037,3.8898189067840576,-3.133653402328491,1.225295901298523,Easy
247,Korean-Easy,0.663684070110321,2.428866386413574,4.2614030838012695,1.2100411653518677,Easy
15,Korean-Easy,0.6461136341094971,0.6592010855674744,0.32232365012168884,1.058133602142334,Easy
742,Korean-Hard,0.643436074256897,1.447753667831421,1.333149790763855,0.657715916633606,Hard
177,Korean-Easy,0.6387508511543274,0.8019671440124512,-1.553429365158081,0.8718581795692444,Easy
82,Korean-Easy,0.6347183585166931,2.5816714763641357,0.31338071823120117,0.7148590683937073,Easy
94,Korean-Easy,0.6182646155357361,2.339712142944336,-0.9387856125831604,1.1780056953430176,Easy
208,Korean-Easy,0.6126080751419067,3.673175811767578,-0.754966676235199,1.083998203277588,Easy
217,Korean-Easy,0.6054417490959167,2.2578418254852295,-0.4730190634727478,0.7996659874916077,Easy
234,Korean-Easy,0.5947461128234863,1.0917212963104248,3.494152545928955,1.0499424934387207,Easy
713,Korean-Hard,0.5935787558555603,1.1367484331130981,-7.018923282623291,9.083513259887695,Hard
27,Korean-Easy,0.5850164294242859,1.3353129625320435,-1.4876511096954346,5.824824333190918,Easy
692,Korean-Hard,0.5808421969413757,0.7439532279968262,0.3614209294319153,0.6522741913795471,Hard
87,Korean-Easy,0.5574248433113098,2.208153247833252,4.734447479248047,1.0810613632202148,Easy
44,Korean-Easy,0.5550575852394104,2.32464861869812,-2.572401762008667,2.7747232913970947,Easy
35,Korean-Easy,0.530920147895813,2.29744291305542,-4.180302619934082,1.7600586414337158,Easy
90,Korean-Easy,0.5216180086135864,3.8994393348693848,-0.7298060059547424,0.8120973110198975,Easy
199,Korean-Easy,0.5107842087745667,5.2282819747924805,0.536726176738739,0.7455683350563049,Easy
693,Korean-Hard,0.5073296427726746,1.1713932752609253,-1.0874555110931396,0.8104310631752014,Hard
280,Korean-Easy,0.4920514225959778,2.1747241020202637,-1.141580581665039,1.0609573125839233,Easy
84,Korean-Easy,0.4781484603881836,1.9867527484893799,-3.207334518432617,3.681504011154175,Easy
118,Korean-Easy,0.47581058740615845,2.934448719024658,-2.9400086402893066,1.2483124732971191,Easy
106,Korean-Easy,0.46838223934173584,0.8698824644088745,-0.9413884282112122,1.1775870323181152,Easy
664,Korean-Hard,0.44164377450942993,0.932429313659668,0.49337929487228394,0.7329729199409485,Hard
146,Korean-Easy,0.4370434284210205,0.676263689994812,0.46508023142814636,0.6535380482673645,Easy
22,Korean-Easy,0.4218342900276184,0.7173919677734375,0.9268143177032471,0.707428514957428,Easy
235,Korean-Easy,0.4166855812072754,1.958913803100586,2.846926689147949,0.9938731789588928,Easy
720,Korean-Hard,0.4121299982070923,1.193403720855713,3.3580193519592285,0.9558014869689941,Hard
122,Korean-Easy,0.37805867195129395,2.7747154235839844,-1.2583861351013184,1.0256117582321167,Easy
218,Korean-Easy,0.3779008984565735,2.288090944290161,0.5065939426422119,1.8368890285491943,Easy
206,Korean-Easy,0.3716237545013428,3.845193862915039,-3.2554242610931396,3.7415740489959717,Easy
717,Korean-Hard,0.37123072147369385,0.7377777099609375,-1.4493157863616943,0.9679033160209656,Hard
223,Korean-Easy,0.3436952829360962,0.6689063906669617,-0.5166833996772766,0.7935885787010193,Easy
205,Korean-Easy,0.31388217210769653,3.312528133392334,-4.184488773345947,1.8781589269638062,Easy
196,Korean-Easy,0.29106956720352173,0.9246523380279541,7.250605583190918,2.229388475418091,Easy
31,Korean-Easy,0.23886141180992126,0.8286307454109192,-0.09968775510787964,0.8546540141105652,Easy
267,Korean-Easy,0.22265243530273438,1.625557780265808,-0.4696524739265442,0.7991048097610474,Easy
715,Korean-Hard,0.20945864915847778,0.8036438226699829,-0.10869133472442627,0.8515070080757141,Hard
119,Korean-Easy,0.20200222730636597,0.6815925240516663,3.05802845954895,1.426581859588623,Easy
741,Korean-Hard,0.18063706159591675,0.7853342294692993,3.636664628982544,1.2232449054718018,Hard
142,Korean-Easy,0.16976214945316315,1.5565848350524902,-0.06438440084457397,0.8259353041648865,Easy
160,Korean-Easy,0.1540185809135437,0.8298797011375427,-2.8887362480163574,3.169703722000122,Easy
651,Korean-Hard,0.13904477655887604,0.7392279505729675,1.9367382526397705,0.7334989905357361,Hard
722,Korean-Hard,0.11797895282506943,0.8100879788398743,2.3065788745880127,0.9000903367996216,Hard
51,Korean-Easy,0.10786217451095581,0.8770444393157959,-0.364607036113739,4.1435370445251465,Easy
202,Korean-Easy,0.08936667442321777,1.5665194988250732,-2.612370014190674,2.810640335083008,Easy
652,Korean-Hard,0.06939494609832764,1.6350891590118408,6.736674785614014,2.0754334926605225,Hard
63,Korean-Easy,0.06622540205717087,1.05643892288208,-0.6637576222419739,0.8794025778770447,Easy
188,Korean-Easy,-0.024670928716659546,0.8072575926780701,-0.5166171193122864,0.7935792803764343,Easy
272,Korean-Easy,-0.04085162281990051,0.8089922070503235,0.5771921873092651,0.7615048289299011,Easy
180,Korean-Easy,-0.06511645019054413,1.4411213397979736,1.3746058940887451,1.1809828281402588,Easy
673,Korean-Hard,-0.07215958833694458,0.8079419732093811,2.875148057937622,1.151839256286621,Hard
103,Korean-Easy,-0.10356378555297852,0.8662923574447632,1.3174102306365967,0.8195877075195312,Easy
220,Korean-Easy,-0.19348962604999542,0.7386048436164856,4.412753582000732,1.0426946878433228,Easy
216,Korean-Easy,-0.1959352344274521,0.9104275703430176,-1.3776299953460693,0.9534843564033508,Easy
74,Korean-Easy,-0.20795826613903046,0.7909514307975769,-0.16169750690460205,0.6903461813926697,Easy
37,Korean-Easy,-0.2096690684556961,0.7910902500152588,-3.7781407833099365,1.7209192514419556,Easy
708,Korean-Hard,-0.22774989902973175,1.0079553127288818,1.205331563949585,0.6850152611732483,Hard
40,Korean-Easy,-0.230754092335701,1.1594657897949219,-2.572399616241455,2.7497594356536865,Easy
193,Korean-Easy,-0.24525819718837738,1.1594781875610352,0.5179833173751831,1.8957390785217285,Easy
49,Korean-Easy,-0.24777649343013763,1.1604955196380615,-6.321568012237549,2.357306480407715,Easy
34,Korean-Easy,-0.24786458909511566,1.1601946353912354,1.3120741844177246,0.7299432158470154,Easy
114,Korean-Easy,-0.24903248250484467,1.1601102352142334,0.5193232297897339,0.742669939994812,Easy
137,Korean-Easy,-0.2499285489320755,1.1609020233154297,-2.951176881790161,2.2837941646575928,Easy
85,Korean-Easy,-0.25243276357650757,1.1602582931518555,0.17986631393432617,0.7129977941513062,Easy
66,Korean-Easy,-0.2534143328666687,1.1602221727371216,-1.3759942054748535,4.294092178344727,Easy
17,Korean-Easy,-0.2559354305267334,0.7194705009460449,-4.571286678314209,1.591853380203247,Easy
219,Korean-Easy,-0.28251731395721436,1.0103853940963745,-1.7796123027801514,2.3937501907348633,Easy
663,Korean-Hard,-0.28272467851638794,1.011428713798523,1.5905423164367676,0.7491897940635681,Hard
728,Korean-Hard,-0.3075241446495056,0.73454749584198,-0.14077013731002808,0.6906182765960693,Hard
244,Korean-Easy,-0.3231266736984253,1.3571648597717285,1.4892586469650269,1.1786106824874878,Easy
128,Korean-Easy,-0.33091169595718384,0.7221354842185974,-1.3630003929138184,1.0904289484024048,Easy
676,Korean-Hard,-0.3316294550895691,0.7127888798713684,1.3705620765686035,0.6958833336830139,Hard
687,Korean-Hard,-0.3362728953361511,0.9404482841491699,2.332899570465088,1.7852729558944702,Hard
201,Korean-Easy,-0.3442199230194092,0.6613263487815857,0.7738840579986572,0.6747503876686096,Easy
171,Korean-Easy,-0.3657529354095459,0.85332852602005,-2.6011199951171875,1.3799382448196411,Easy
230,Korean-Easy,-0.3747878074645996,0.6717193126678467,-0.4150490164756775,0.6953584551811218,Easy
238,Korean-Easy,-0.3810490369796753,0.9565039873123169,-0.6100355982780457,1.2773325443267822,Easy
207,Korean-Easy,-0.38657838106155396,0.6440798044204712,0.3186933398246765,1.0366766452789307,Easy
724,Korean-Hard,-0.42077547311782837,0.8208050727844238,1.1904194355010986,0.7519303560256958,Hard
743,Korean-Hard,-0.4240134358406067,0.6588684916496277,0.8644404411315918,0.6279258131980896,Hard
141,Korean-Easy,-0.5084756016731262,0.7277238368988037,0.2495158314704895,0.6762123107910156,Easy
173,Korean-Easy,-0.5110956430435181,1.97506844997406,-0.036645352840423584,0.9331108331680298,Easy
24,Korean-Easy,-0.5280373692512512,0.6531413793563843,0.5841652750968933,0.6568481922149658,Easy
265,Korean-Easy,-0.5791985392570496,1.1634925603866577,1.0126163959503174,0.7353639602661133,Easy
744,Korean-Hard,-0.591781735420227,0.8172566294670105,0.5738157033920288,0.791267991065979,Hard
246,Korean-Easy,-0.6102267503738403,0.6927100419998169,-2.9446463584899902,3.293957233428955,Easy
683,Korean-Hard,-0.623857319355011,0.7383039593696594,2.687113046646118,0.9881916642189026,Hard
102,Korean-Easy,-0.6300351023674011,1.1633222103118896,-3.0736136436462402,3.531984329223633,Easy
277,Korean-Easy,-0.6481763124465942,1.4200559854507446,0.5765796899795532,0.7914369106292725,Easy
64,Korean-Easy,-0.6662136912345886,1.5787723064422607,-1.4950597286224365,1.0709054470062256,Easy
71,Korean-Easy,-0.6734576225280762,1.4231473207473755,1.2032668590545654,0.684952437877655,Easy
41,Korean-Easy,-0.6833484172821045,1.1651310920715332,-2.126077651977539,1.3314181566238403,Easy
11,Korean-Easy,-0.7398090362548828,1.771620750427246,0.3836080729961395,1.9739505052566528,Easy
189,Korean-Easy,-0.7693958878517151,1.1559621095657349,-0.9706922173500061,1.1870007514953613,Easy
168,Korean-Easy,-0.7798455953598022,0.8230899572372437,2.4286043643951416,1.2726250886917114,Easy
245,Korean-Easy,-0.7823286056518555,1.73285710811615,3.629345178604126,1.1237761974334717,Easy
195,Korean-Easy,-0.7832601070404053,0.9790436029434204,-3.9819648265838623,1.277382254600525,Easy
26,Korean-Easy,-0.8063790798187256,2.2062315940856934,-1.439680576324463,1.0305670499801636,Easy
239,Korean-Easy,-0.8206098675727844,0.7359458208084106,0.5762683749198914,0.8825103044509888,Easy
712,Korean-Hard,-0.8222564458847046,0.7911874651908875,0.670691192150116,0.6629995703697205,Hard
704,Korean-Hard,-0.8338003754615784,1.6336486339569092,6.714433193206787,2.190218210220337,Hard
43,Korean-Easy,-0.846236526966095,0.8165782690048218,-7.611104488372803,2.8939480781555176,Easy
231,Korean-Easy,-0.8483453989028931,0.8170062899589539,1.298910140991211,0.6742476224899292,Easy
165,Korean-Easy,-0.8499743938446045,0.816928505897522,-1.3899650573730469,1.0115398168563843,Easy
739,Korean-Hard,-0.8679125905036926,0.9080609679222107,-4.838439464569092,1.9621164798736572,Hard
21,Korean-Easy,-0.8709872364997864,0.9083224534988403,0.32486364245414734,1.0563011169433594,Easy
129,Korean-Easy,-0.8716699481010437,0.9084306955337524,-0.3883468508720398,0.8542569279670715,Easy
174,Korean-Easy,-0.9421080350875854,1.117187738418579,1.5717418193817139,0.7653589844703674,Easy
275,Korean-Easy,-0.9478423595428467,1.1227607727050781,-1.478553295135498,1.0656520128250122,Easy
20,Korean-Easy,-0.9486770629882812,1.121825933456421,-3.906949758529663,5.28120231628418,Easy
151,Korean-Easy,-0.9507590532302856,1.1199989318847656,-4.679933547973633,1.916624903678894,Easy
77,Korean-Easy,-1.0312466621398926,1.0445387363433838,-2.5295701026916504,1.37095046043396,Easy
123,Korean-Easy,-1.0373835563659668,1.0455279350280762,1.6542441844940186,0.9897274374961853,Easy
28,Korean-Easy,-1.0437180995941162,1.0481818914413452,0.7617294192314148,0.7016202807426453,Easy
78,Korean-Easy,-1.0878013372421265,0.7683834433555603,1.3671846389770508,0.7363331317901611,Easy
56,Korean-Easy,-1.0894184112548828,0.7685850262641907,-0.3067029118537903,3.978273868560791,Easy
203,Korean-Easy,-1.0903890132904053,0.7342116236686707,-1.0293118953704834,1.0761395692825317,Easy
240,Korean-Easy,-1.1335796117782593,0.7981956005096436,-6.948873043060303,8.844916343688965,Easy
723,Korean-Hard,-1.1442015171051025,0.7246100306510925,1.2286174297332764,1.1278278827667236,Hard
255,Korean-Easy,-1.1517786979675293,0.713744580745697,-3.8994791507720947,1.502347469329834,Easy
254,Korean-Easy,-1.1684794425964355,1.052099347114563,1.9330153465270996,0.7350965738296509,Easy
668,Korean-Hard,-1.16933012008667,1.052187204360962,0.9888705015182495,0.6292343139648438,Hard
124,Korean-Easy,-1.173549771308899,1.0514010190963745,-0.4453161358833313,0.8921993970870972,Easy
153,Korean-Easy,-1.339594841003418,0.8130386471748352,-1.4410860538482666,0.9665594696998596,Easy
242,Korean-Easy,-1.3411407470703125,0.8133241534233093,0.5866286754608154,1.6529443264007568,Easy
187,Korean-Easy,-1.363878846168518,0.7830325365066528,-0.1366005539894104,0.8364765048027039,Easy
710,Korean-Hard,-1.551835536956787,0.8441894054412842,1.5326075553894043,0.7119335532188416,Hard
1,Korean-Easy,-1.5657204389572144,0.7978601455688477,0.07264870405197144,0.8684810996055603,Easy
139,Korean-Easy,-1.5727201700210571,0.9937368035316467,-0.5253559947013855,5.558342933654785,Easy
96,Korean-Easy,-1.576353907585144,0.9946670532226562,0.5767314434051514,0.7913909554481506,Easy
227,Korean-Easy,-1.606933832168579,0.797646701335907,3.3298308849334717,1.079616904258728,Easy
699,Korean-Hard,-1.6552667617797852,0.8565312623977661,0.23896121978759766,0.6661985516548157,Hard
198,Korean-Easy,-1.6750478744506836,0.8251699805259705,0.5960211157798767,0.6556798219680786,Easy
648,Korean-Hard,-1.7739428281784058,0.7536359429359436,1.379949688911438,1.2894335985183716,Hard
57,Korean-Easy,-1.9314022064208984,1.0680969953536987,-1.034050703048706,1.077592134475708,Easy
209,Korean-Easy,-1.9315812587738037,1.0681896209716797,0.1545811891555786,0.8107386231422424,Easy
258,Korean-Easy,-1.9321305751800537,1.0683419704437256,-1.3606112003326416,1.0897400379180908,Easy
109,Korean-Easy,-1.9332945346832275,1.0686516761779785,3.966237783432007,0.9353946447372437,Easy
197,Korean-Easy,-1.9335711002349854,1.0686715841293335,-2.084487199783325,1.1343095302581787,Easy
132,Korean-Easy,-1.956862449645996,0.9374405741691589,-1.1850061416625977,2.7448794841766357,Easy
221,Korean-Easy,-2.0375659465789795,1.0561820268630981,-1.3570983409881592,1.1487399339675903,Easy
745,Korean-Hard,-2.077368974685669,0.7913764119148254,-0.15208017826080322,0.6807971000671387,Hard
136,Korean-Easy,-2.1078855991363525,0.9725838899612427,-2.3590714931488037,1.1834344863891602,Easy
214,Korean-Easy,-2.110201120376587,0.9731512069702148,0.3645305335521698,0.7399325370788574,Easy
16,Korean-Easy,-2.113203763961792,0.9740676879882812,0.6439483761787415,0.7534428238868713,Easy
125,Korean-Easy,-2.113844871520996,0.9742583632469177,-0.59051913022995,1.272757887840271,Easy
685,Korean-Hard,-2.2506768703460693,0.988188624382019,-0.1776391863822937,0.8573750257492065,Hard
5,Korean-Easy,-2.251878023147583,2.1708946228027344,1.3656343221664429,0.8228612542152405,Easy
677,Korean-Hard,-2.268533229827881,1.345780611038208,2.3031115531921387,0.762940526008606,Hard
150,Korean-Easy,-2.2706573009490967,0.9994891881942749,0.7462893128395081,2.230945587158203,Easy
183,Korean-Easy,-2.273157835006714,1.0002011060714722,1.939579725265503,1.0034838914871216,Easy
698,Korean-Hard,-2.2765190601348877,0.8034806251525879,1.9570131301879883,0.7292121052742004,Hard
135,Korean-Easy,-2.2825028896331787,1.0028210878372192,-4.241687297821045,3.023834705352783,Easy
60,Korean-Easy,-2.336653709411621,0.9910076260566711,1.3407082557678223,1.2183171510696411,Easy
25,Korean-Easy,-2.3452913761138916,2.2414469718933105,-1.234645128250122,1.021376609802246,Easy
53,Korean-Easy,-2.459049701690674,2.132620334625244,-2.2019588947296143,2.3340656757354736,Easy
169,Korean-Easy,-2.5241734981536865,2.2925729751586914,-0.18227088451385498,0.8578379154205322,Easy
161,Korean-Easy,-2.5312912464141846,2.414691209793091,-3.6230461597442627,1.5993818044662476,Easy
222,Korean-Easy,-2.704867362976074,2.332528591156006,-1.3730885982513428,1.0933829545974731,Easy
737,Korean-Hard,-2.7602968215942383,1.4779001474380493,2.572916269302368,1.2585951089859009,Hard
163,Korean-Easy,-2.7860608100891113,2.5789408683776855,-0.7760451436042786,0.9200004935264587,Easy
190,Korean-Easy,-2.790254831314087,2.5410733222961426,-1.010807991027832,1.2544763088226318,Easy
260,Korean-Easy,-2.8071978092193604,0.8603680729866028,-0.497650682926178,0.7876434326171875,Easy
688,Korean-Hard,-2.8655543327331543,1.0126341581344604,-3.0980207920074463,3.5735321044921875,Hard
117,Korean-Easy,-2.884338617324829,3.0052878856658936,0.5991637706756592,4.937306880950928,Easy
67,Korean-Easy,-2.888293504714966,2.4853153228759766,-0.0642433762550354,0.8259243369102478,Easy
76,Korean-Easy,-2.890561103820801,2.9900107383728027,-2.460275888442993,2.6511754989624023,Easy
224,Korean-Easy,-3.0568861961364746,2.8851442337036133,0.20481061935424805,0.8431561589241028,Easy
144,Korean-Easy,-3.1202869415283203,3.040872097015381,1.1268025636672974,2.5863285064697266,Easy
155,Korean-Easy,-3.129460334777832,2.8275747299194336,-4.52527379989624,1.7660385370254517,Easy
95,Korean-Easy,-3.1310720443725586,3.3600382804870605,2.3415372371673584,1.11604642868042,Easy
204,Korean-Easy,-3.190690755844116,2.994924306869507,-1.3731577396392822,1.0934371948242188,Easy
269,Korean-Easy,-3.1942238807678223,0.756017804145813,1.447304606437683,0.7590259909629822,Easy
79,Korean-Easy,-3.2009758949279785,2.9894368648529053,-1.2453536987304688,1.023552417755127,Easy
99,Korean-Easy,-3.2490692138671875,2.806119918823242,-0.25354790687561035,1.0014797449111938,Easy
243,Korean-Easy,-3.2596828937530518,1.3775835037231445,3.1014347076416016,0.9259571433067322,Easy
48,Korean-Easy,-3.289771795272827,3.5862207412719727,-2.838286876678467,3.1567153930664062,Easy
241,Korean-Easy,-3.293712854385376,3.0161900520324707,-2.1888086795806885,1.3317632675170898,Easy
263,Korean-Easy,-3.296553373336792,1.34940505027771,-0.31335872411727905,0.8161024451255798,Easy
179,Korean-Easy,-3.313075304031372,2.9464902877807617,-1.9808180332183838,1.299702525138855,Easy
62,Korean-Easy,-3.418070077896118,0.8027187585830688,2.101562261581421,0.9860513806343079,Easy
194,Korean-Easy,-3.447242498397827,3.7579946517944336,-2.9623382091522217,3.3293535709381104,Easy
259,Korean-Easy,-3.4852728843688965,3.4333434104919434,-4.268370151519775,1.9140204191207886,Easy
70,Korean-Easy,-3.5088469982147217,3.738203525543213,-1.3653974533081055,1.1507457494735718,Easy
130,Korean-Easy,-3.5122084617614746,3.993168830871582,-3.001936674118042,3.347867488861084,Easy
152,Korean-Easy,-3.5253798961639404,0.9912917017936707,0.866547167301178,0.8935976624488831,Easy
36,Korean-Easy,-3.528437852859497,3.271239995956421,-3.1829073429107666,3.6922659873962402,Easy
257,Korean-Easy,-3.5404675006866455,3.976062059402466,1.5485316514968872,0.7338521480560303,Easy
133,Korean-Easy,-3.634716272354126,4.202754497528076,-1.3575797080993652,1.1488487720489502,Easy
143,Korean-Easy,-3.6610593795776367,3.1261918544769287,-2.6667733192443848,2.3927814960479736,Easy
210,Korean-Easy,-3.6901121139526367,3.8363728523254395,-1.0033409595489502,4.435599327087402,Easy
29,Korean-Easy,-3.7080581188201904,4.266051769256592,-3.264354944229126,3.825467348098755,Easy
59,Korean-Easy,-3.7222821712493896,3.509312152862549,2.6431758403778076,1.7533209323883057,Easy
212,Korean-Easy,-3.7604000568389893,3.1757891178131104,-0.4418566823005676,0.8916676640510559,Easy
80,Korean-Easy,-3.762565851211548,3.358057737350464,0.2529778480529785,0.711094081401825,Easy
0,Korean-Easy,-3.7701478004455566,3.2934653759002686,-0.915294349193573,4.073153018951416,Easy
107,Korean-Easy,-3.778127908706665,4.297406196594238,-0.96031254529953,2.5967442989349365,Easy
149,Korean-Easy,-3.7795989513397217,4.515130996704102,-0.3888697028160095,0.8542514443397522,Easy
97,Korean-Easy,-3.832718849182129,1.062672734260559,-0.6377244591712952,0.8762794733047485,Easy
281,Korean-Easy,-3.858668804168701,3.6895675659179688,-5.976217269897461,2.394442081451416,Easy
10,Korean-Easy,-3.859968900680542,3.0454041957855225,-0.9666547179222107,2.9743380546569824,Easy
252,Korean-Easy,-3.864638328552246,3.4175825119018555,-0.9536212086677551,4.120265960693359,Easy
162,Korean-Easy,-3.8773398399353027,2.9054675102233887,4.93654203414917,1.0975956916809082,Easy
181,Korean-Easy,-3.8980536460876465,1.0627615451812744,-1.200488805770874,1.1241176128387451,Easy
134,Korean-Easy,-3.942000389099121,4.647575378417969,-1.0059545040130615,5.307003021240234,Easy
182,Korean-Easy,-3.9695677757263184,4.168646335601807,-1.4428906440734863,5.066867828369141,Easy
88,Korean-Easy,-4.017724514007568,4.507894992828369,-1.1539783477783203,3.570011854171753,Easy
248,Korean-Easy,-4.028970241546631,5.0867414474487305,-3.4872548580169678,4.251581192016602,Easy
256,Korean-Easy,-4.043709754943848,5.083098888397217,-1.3635132312774658,1.0905910730361938,Easy
111,Korean-Easy,-4.074678897857666,4.975253582000732,-2.356597661972046,1.1835435628890991,Easy
172,Korean-Easy,-4.104482173919678,4.590536594390869,-3.0921261310577393,1.3612983226776123,Easy
232,Korean-Easy,-4.134157657623291,5.339502334594727,-3.592766523361206,4.4936652183532715,Easy
7,Korean-Easy,-4.193403244018555,5.424661636352539,5.312108993530273,1.3248493671417236,Easy
157,Korean-Easy,-4.218825340270996,3.3840043544769287,-2.446755886077881,1.1918245553970337,Easy
213,Korean-Easy,-4.305803298950195,3.6150481700897217,0.9408941864967346,0.6987740397453308,Easy
672,Korean-Hard,-4.306448936462402,2.1020565032958984,-4.947232723236084,1.6704344749450684,Hard
18,Korean-Easy,-4.315953254699707,5.781208515167236,-3.8033812046051025,1.2376782894134521,Easy
69,Korean-Easy,-4.35870885848999,4.963893413543701,-6.09329080581665,2.410980463027954,Easy
226,Korean-Easy,-4.394713401794434,5.385495185852051,-3.8476760387420654,4.905411243438721,Easy
170,Korean-Easy,-4.498942852020264,1.3369451761245728,-0.8445603251457214,1.1521756649017334,Easy
92,Korean-Easy,-4.520431041717529,5.908093452453613,0.933119535446167,0.712182343006134,Easy
249,Korean-Easy,-4.584900856018066,1.1063796281814575,0.7763782143592834,0.8515700101852417,Easy
147,Korean-Easy,-4.618031024932861,4.573337554931641,-1.71291184425354,1.022383451461792,Easy
726,Korean-Hard,-4.64643669128418,1.355940580368042,4.205893039703369,1.0745739936828613,Hard
45,Korean-Easy,-4.666543483734131,6.890713214874268,-1.0288777351379395,1.0760128498077393,Easy
166,Korean-Easy,-4.869173049926758,4.356945991516113,-3.9691126346588135,5.408775329589844,Easy
120,Korean-Easy,-5.044837951660156,6.154317855834961,-6.765296459197998,8.226393699645996,Easy
32,Korean-Easy,-5.251316547393799,4.74931526184082,0.8171917796134949,0.7840112447738647,Easy
9,Korean-Easy,-5.274504661560059,4.94013786315918,-2.3821628093719482,2.167426824569702,Easy
72,Korean-Easy,-5.281179428100586,6.3155741691589355,-4.597135066986084,6.219841480255127,Easy
6,Korean-Easy,-5.3495869636535645,5.341517448425293,-7.123086929321289,2.7024271488189697,Easy
156,Korean-Easy,-5.38623046875,5.319041728973389,-0.381965696811676,1.206160068511963,Easy
164,Korean-Easy,-5.433023452758789,5.100973606109619,0.4651399850845337,0.6454811096191406,Easy
253,Korean-Easy,-5.63749885559082,3.245199680328369,-1.1175732612609863,2.488339900970459,Easy
225,Korean-Easy,-5.745784759521484,6.285043239593506,-1.310286283493042,1.1429928541183472,Easy
75,Korean-Easy,-5.944074630737305,6.266808032989502,-2.4937987327575684,1.3686707019805908,Easy
653,Korean-Hard,-6.204444885253906,1.1212077140808105,0.586668848991394,0.6841669082641602,Hard
178,Korean-Easy,-6.293887138366699,15.168210983276367,-1.353384256362915,4.398401737213135,Easy
100,Korean-Easy,-6.29884147644043,6.6457319259643555,-1.111041784286499,0.9034010171890259,Easy
175,Korean-Easy,-7.345608711242676,1.1896593570709229,-5.709539413452148,2.1420884132385254,Easy
116,Korean-Easy,-10.149812698364258,1.2993651628494263,-2.477595567703247,1.0867526531219482,Easy
