question_id,solver_item_id,solver_difficulty_meta,solver_platform,solver_difficulty_centered,solver_difficulty_centered_laplace_se,judge_difficulty_centered,judge_difficulty_centered_laplace_se,judge_difficulty_pair_sd,judge_n_pair_items
abc395_c,abc395_c,medium,atcoder,12.651643753051758,2.0078952312469482,2.4329819679260254,0.7719874978065491,0.0,1
abc371_e,abc371_e,hard,atcoder,9.375991821289062,1.6371872425079346,-0.6042478084564209,1.3886193618409797,2.4671345476407573,4
abc350_d,abc350_d,medium,atcoder,9.352943420410156,1.63515043258667,-0.5417013168334961,1.682166965440511,4.745707791466003,4
abc336_c,abc336_c,medium,atcoder,9.234920501708984,2.6579275131225586,0.5967450141906738,0.8596969246864319,0.0,1
abc339_d,abc339_d,medium,atcoder,8.549810409545898,2.4003448486328125,3.0366746953555515,0.8801511171321207,2.086500086452335,7
abc386_b,abc386_b,easy,atcoder,8.448623657226562,2.3228113651275635,-5.661644458770752,3.5894014835357666,0.0,1
1899_D,1899_D,hard,codeforces,7.961843967437744,2.2406516075134277,-1.52110093832016,2.843597108611253,0.8180090480787183,2
abc324_c,abc324_c,medium,atcoder,7.772324085235596,4.278360366821289,2.134872237841288,2.6502912192855965,2.6912436242925994,3
abc354_a,abc354_a,easy,atcoder,7.5819830894470215,2.1164603233337402,-5.490279197692871,2.33384370803833,0.0,1
abc318_c,abc318_c,medium,atcoder,7.4656596183776855,2.164170980453491,-3.224819302558899,3.8896646072174996,3.544013485594588,4
abc373_f,abc373_f,hard,atcoder,6.758938312530518,1.9513845443725586,1.0483343601226807,6.267922151366153,6.1222596440621695,2
abc329_c,abc329_c,medium,atcoder,6.415167331695557,2.331027030944824,-1.4881736934185028,1.951953768144274,1.2141654099128665,4
abc336_d,abc336_d,medium,atcoder,6.297366142272949,1.9246366024017334,-3.7606165409088135,3.1699258091876032,1.318376012131567,2
abc400_d,abc400_d,medium,atcoder,6.254382610321045,2.972257375717163,-0.056614418824513756,2.2604028485135896,3.680481392122481,6
abc351_f,abc351_f,hard,atcoder,6.029837131500244,1.8694645166397095,0.7634751598040262,2.2512763325400837,1.8715879508616622,3
abc384_e,abc384_e,hard,atcoder,5.835644721984863,2.6923301219940186,-1.785088042418162,3.073753192085571,3.3936256539802443,6
abc353_d,abc353_d,medium,atcoder,5.823383808135986,1.8579808473587036,0.6497387290000916,0.7916927933692932,0.0,1
abc393_f,abc393_f,hard,atcoder,5.818163871765137,1.8469665050506592,-2.938218057155609,1.5977753118094271,6.845029289973426,2
abc362_e,abc362_e,hard,atcoder,5.729058265686035,2.625744104385376,-5.436299363772075,3.053196066495918,3.6000315049313447,3
abc312_c,abc312_c,medium,atcoder,5.483150005340576,1.794231653213501,0.69014573097229,0.8194887335634709,0.7973853306968826,2
abc304_d,abc304_d,medium,atcoder,5.362029552459717,15.271047592163086,0.9611390233039856,2.5139484396463163,3.2769971865845733,5
abc353_c,abc353_c,medium,atcoder,5.357501983642578,1.7799973487854004,-3.786062777042389,3.1251661660314927,3.114041734294934,2
abc325_d,abc325_d,hard,atcoder,5.346904754638672,2.402179479598999,5.2075114250183105,5.988508701324463,0.0,1
abc302_d,abc302_d,medium,atcoder,5.1768927574157715,1.7526934146881104,-0.4843093156814575,0.9359438419342041,0.0,1
abc331_d,abc331_d,hard,atcoder,5.173549175262451,2.3077385425567627,-3.3012008666992188,7.625768815785671,1.5547190170160445,2
abc303_c,abc303_c,medium,atcoder,5.025476932525635,3.373283863067627,1.6289400259653728,1.6644122603955296,4.776894732782486,3
abc380_f,abc380_f,hard,atcoder,4.926087856292725,2.1808416843414307,2.6526366233825684,2.630559600362873,3.9254820865702644,5
abc377_d,abc377_d,medium,atcoder,4.914808750152588,1.6953374147415161,-0.12332240740458171,1.807472275773857,4.554821822954937,3
abc323_e,abc323_e,hard,atcoder,4.771928310394287,11.515670776367188,0.29476433992385864,0.7389404382719071,0.6747102039969105,4
abc345_d,abc345_d,hard,atcoder,4.559276103973389,1.6689743995666504,1.270875334739685,1.7007725813520023,6.25464727496952,4
abc342_d,abc342_d,medium,atcoder,4.512310981750488,1.6517586708068848,-2.368950446446737,2.9812773088731963,3.5166014976862807,3
abc320_d,abc320_d,medium,atcoder,4.361083030700684,8.30870246887207,-6.4362006187438965,2.3316991329193115,0.0,1
abc308_b,abc308_b,easy,atcoder,4.308172225952148,2.156813859939575,-4.945889949798584,4.335477352142334,0.0,1
abc303_b,abc303_b,easy,atcoder,4.284718990325928,2.1211891174316406,-9.791706085205078,4.32376766204834,0.0,1
abc369_d,abc369_d,medium,atcoder,4.226641654968262,7.121047019958496,-0.16518360376358032,0.730708788044029,0.45135624838086463,2
abc396_e,abc396_e,hard,atcoder,4.163114070892334,9.242782592773438,-2.703296661376953,5.008531883572262,0.08418040629299078,2
abc324_e,abc324_e,hard,atcoder,4.155803203582764,6.5009613037109375,-1.4670100510120392,3.308158188788064,5.058768265556869,4
2878,2878,medium,leetcode,3.9425740242004395,19.928607940673828,-2.951202074686686,3.6257297651307954,0.262300183114792,3
abc309_b,abc309_b,easy,atcoder,3.8884682655334473,7.128603935241699,-2.432661294937134,2.752789251119175,0.28964561843402303,2
2868,2868,medium,leetcode,3.8884453773498535,28.16524887084961,4.322397708892822,1.5162804126739502,0.0,1
abc399_c,abc399_c,medium,atcoder,3.8867135047912598,2.681476354598999,-1.230604574084282,1.4799201349920623,2.128450693035402,4
3527,3527,hard,leetcode,3.8368802070617676,14.38276481628418,1.991233617067337,0.6447991964001275,1.7624095406116036,2
abc365_d,abc365_d,medium,atcoder,3.785491943359375,6.892077445983887,1.4251751601696014,1.3381076347698053,2.760693862209802,4
abc396_g,abc396_g,hard,atcoder,3.7741241455078125,7.363132476806641,4.122060855229695,1.9255297329231433,3.118796334482554,6
abc330_d,abc330_d,medium,atcoder,3.601017475128174,5.730708599090576,1.7842437028884888,0.9815803678906682,2.4070003362972208,3
abc396_c,abc396_c,medium,atcoder,3.582428455352783,5.4481306076049805,-0.8313266038894653,3.340128113529385,2.946773958078234,2
abc321_b,abc321_b,easy,atcoder,3.5117998123168945,2.3191351890563965,-9.195220947265625,3.483242988586426,0.0,1
abc344_d,abc344_d,hard,atcoder,3.5015530586242676,5.137995719909668,1.0024776061375935,4.1397272626122765,4.541461638908071,3
abc355_d,abc355_d,medium,atcoder,3.4714126586914062,7.157649040222168,-0.1470513105392456,1.142139141564612,3.9784537882975943,5
abc387_c,abc387_c,medium,atcoder,3.461063861846924,10.199405670166016,3.2050803701082864,2.7636470054093305,5.273453251975431,6
3781,3781,hard,leetcode,3.4404454231262207,9.456108093261719,2.4861793518066406,1.4814515347201422,0.27130836758390325,2
2817,2817,medium,leetcode,3.3608293533325195,12.240177154541016,-1.5576476454734802,2.414616114218474,1.9016383186331764,4
arc195_b,arc195_b,hard,atcoder,3.3493995666503906,4.508042335510254,8.027548472086588,3.0805333327778395,4.89651643838676,3
3535,3535,hard,leetcode,3.2587859630584717,12.680188179016113,3.6312341690063477,1.8662199128606902,5.045642001086548,2
abc311_a,abc311_a,easy,atcoder,3.211139678955078,1.8398302793502808,-8.073166847229004,3.4161312580108643,0.0,1
arc185_b,arc185_b,hard,atcoder,3.2065818309783936,26.0196475982666,-0.7620264632361275,2.3856586953578764,4.202803946103777,7
abc383_c,abc383_c,medium,atcoder,3.0807201862335205,5.8707098960876465,1.8845908045768738,2.3040383432889264,3.7534531363955557,4
arc186_b,arc186_b,hard,atcoder,3.035569667816162,10.05332088470459,-0.7484866380691528,4.919648170471191,0.0,1
3462,3462,medium,leetcode,3.0187225341796875,10.07291316986084,2.0374818444252014,1.9579403606839487,3.597552403460639,2
abc302_e,abc302_e,hard,atcoder,2.9963161945343018,6.419488906860352,-1.216132253408432,1.8639212072645126,4.598458467951647,4
3363,3363,medium,leetcode,2.9934730529785156,9.855648040771484,4.7372511227925616,4.001257164045929,8.427581329165234,3
abc373_c,abc373_c,medium,atcoder,2.9423794746398926,1.3970052003860474,-3.4469470977783203,9.97856330871582,0.0,1
3464,3464,medium,leetcode,2.9283578395843506,16.73528480529785,3.587505578994751,1.3559016733514369,1.572026754544465,3
3743,3743,medium,leetcode,2.8326754570007324,25.341936111450195,-2.9569358825683594,4.716901676935773,0.1132819622527929,2
abc376_e,abc376_e,hard,atcoder,2.814452886581421,5.0648298263549805,-2.709898670514425,1.5925903812544464,3.8548767565339435,6
abc377_e,abc377_e,hard,atcoder,2.7283005714416504,25.38801383972168,0.14267818927764891,3.0947514552934026,6.093723872426624,5
abc325_b,abc325_b,medium,atcoder,2.7198939323425293,4.0302348136901855,-6.831353664398193,7.54778528213501,0.0,1
abc366_d,abc366_d,medium,atcoder,2.686901807785034,4.899029731750488,-7.024977207183838,2.743107557296753,0.0,1
2884,2884,hard,leetcode,2.6671743392944336,13.357207298278809,0.09997657934824626,2.8087275269729073,3.5586164605485524,3
3759,3759,medium,leetcode,2.6474809646606445,22.873666763305664,-3.381725788116455,5.020074958548154,0.06647738121926294,2
arc182_a,arc182_a,hard,atcoder,2.5680325031280518,5.906069278717041,-0.4233992397785187,0.6760639041100311,2.926264340916186,4
3551,3551,hard,leetcode,2.5513455867767334,22.305130004882812,-0.0499957005182902,2.121289068246477,4.361236755962132,6
3571,3571,hard,leetcode,2.540165662765503,18.01674461364746,1.5596731901168823,1.6870010398467952,3.699756003536493,4
abc323_d,abc323_d,hard,atcoder,2.490557909011841,9.342232704162598,-0.21250988046328226,1.7788013872047481,4.202695126538623,6
3487,3487,medium,leetcode,2.4613945484161377,15.726405143737793,-1.5085075199604034,1.885173879996802,2.5999021548848567,4
abc312_d,abc312_d,medium,atcoder,2.456240653991699,3.0861856937408447,0.21583151817321777,2.2775930456735334,3.225314556279213,2
3174,3174,medium,leetcode,2.449441909790039,8.131135940551758,-3.4997568130493164,12.805280685424805,0.0,1
3466,3466,hard,leetcode,2.437793731689453,13.76134967803955,-4.088510513305664,3.967589998871556,0.0795530195012827,2
3715,3715,medium,leetcode,2.437420129776001,8.9483060836792,-2.307278831799825,1.3712786616777255,0.9996731342347492,3
abc389_d,abc389_d,medium,atcoder,2.4167497158050537,4.169536113739014,-0.9125916163126627,4.240003972066274,5.315244265031001,3
abc357_c,abc357_c,medium,atcoder,2.4146857261657715,7.608770847320557,-0.06402015686035156,0.8197724223136902,0.0,1
3361,3361,easy,leetcode,2.3930468559265137,19.404226303100586,-0.787757396697998,3.4396729336886884,2.4634064196100725,2
abc326_d,abc326_d,hard,atcoder,2.341559410095215,17.079002380371094,1.6362158258756,2.189657527032962,3.1899174978311557,6
abc370_c,abc370_c,medium,atcoder,2.284790277481079,4.137984275817871,-1.5537300904591878,1.4344982654431921,1.2402168507167206,3
3686,3686,medium,leetcode,2.2687463760375977,10.969746589660645,2.2665001352628074,2.3531032766442856,2.963831600918273,6
3000,3000,medium,leetcode,2.2481226921081543,11.413856506347656,0.585731565952301,0.8109479717847461,2.9395259953874295,6
abc368_f,abc368_f,hard,atcoder,2.235184907913208,2.7855939865112305,-3.421552747488022,3.5147100823895796,1.678731741716987,4
abc361_c,abc361_c,medium,atcoder,2.232133626937866,1.0358972549438477,-3.6697096824645996,2.6973104165941497,4.554369098098305,5
3104,3104,medium,leetcode,2.224940776824951,13.732065200805664,-2.0129565000534058,1.4740639008979293,2.465226657703561,2
abc382_d,abc382_d,hard,atcoder,2.2120516300201416,1.0339893102645874,-0.6417604833841324,0.8941035718995417,2.1348076765741313,4
3721,3721,medium,leetcode,2.1966094970703125,11.13168716430664,3.3921116292476654,2.2859513323434015,2.09068516279639,4
3114,3114,medium,leetcode,2.1933650970458984,26.167171478271484,0.6271565556526184,0.6892662382231436,2.0660772048109584,2
abc319_e,abc319_e,hard,atcoder,2.1826772689819336,5.685049533843994,0.29635916153589886,0.5659510248855678,0.28110091904606427,3
3184,3184,hard,leetcode,2.1552600860595703,8.754660606384277,2.2117483615875244,8.60017822261994,5.436751934123474,3
3682,3682,hard,leetcode,2.148320198059082,16.016447067260742,-1.8863877654075623,3.219950705073866,1.4770556093208993,2
3655,3655,medium,leetcode,2.1480257511138916,24.660686492919922,-2.027433137098948,4.481472381716957,3.2496825782973007,6
abc361_e,abc361_e,hard,atcoder,2.1390380859375,4.864561080932617,0.652977466583252,5.675028970114902,4.967916377285051,3
abc329_e,abc329_e,hard,atcoder,2.1346278190612793,5.801474571228027,-4.211429595947266,3.4543838500976562,0.0,1
3603,3603,hard,leetcode,2.115086555480957,11.675837516784668,4.486153036355972,2.5499764863606225,2.244565815146835,4
3026,3026,medium,leetcode,2.107682943344116,16.297075271606445,5.544214248657227,2.5718854401343694,8.336229998149845,4
abc342_c,abc342_c,medium,atcoder,2.0714187622070312,1.133549451828003,-0.7525256474812826,2.250210581134113,1.7956909275003212,3
2837,2837,medium,leetcode,2.067779779434204,8.650745391845703,-3.6626901626586914,11.046213254833532,1.6962031475447485,3
3495,3495,medium,leetcode,2.04716420173645,14.428533554077148,-4.010311126708984,4.031509545558911,0.15566887921280498,2
3795,3795,medium,leetcode,2.030733346939087,11.491668701171875,-1.1434528529644012,1.3980560086085758,5.0953240052163995,4
3360,3360,medium,leetcode,2.0297861099243164,11.057403564453125,1.322158932685852,1.3637382091828567,1.888551560016283,2
abc376_b,abc376_b,medium,atcoder,2.0252182483673096,4.2935075759887695,-0.3495798110961914,2.664365302746634,4.452096362877329,2
abc363_d,abc363_d,medium,atcoder,2.0165233612060547,4.2159905433654785,5.191611667474111,2.7168650528631755,4.13485564597322,3
abc352_c,abc352_c,medium,atcoder,2.01629638671875,0.9921053051948547,-3.538858413696289,10.83599853515625,0.0,1
3327,3327,hard,leetcode,2.0155608654022217,8.899395942687988,4.7264485359191895,5.99697208404541,0.0,1
3629,3629,medium,leetcode,2.0023839473724365,13.37405776977539,-0.05185973644256592,2.7902993654579316,3.324812791436126,4
3649,3649,medium,leetcode,2.0001494884490967,14.022659301757812,-0.4033677577972412,1.0522665652173233,3.4751289618845367,5
abc385_e,abc385_e,hard,atcoder,1.996265172958374,7.176948547363281,1.0190610885620117,1.7360003193832634,4.036986743986028,7
abc356_d,abc356_d,medium,atcoder,1.9956178665161133,2.76106858253479,0.17676615715026855,1.1224567890167236,0.0,1
3639,3639,medium,leetcode,1.9918341636657715,10.171914100646973,-2.921487957239151,2.337318086509787,1.1003781539670736,4
abc379_e,abc379_e,hard,atcoder,1.985081434249878,1.1201655864715576,-2.06687068939209,2.9042789936065674,0.0,1
2870,2870,easy,leetcode,1.982546091079712,17.8138370513916,-3.4452061653137207,11.858748435974121,0.0,1
3033,3033,medium,leetcode,1.970902442932129,14.246829986572266,-2.325256896018982,2.644477277026618,3.3846384034024584,5
abc310_f,abc310_f,hard,atcoder,1.9519000053405762,22.739179611206055,0.3512885570526123,4.056840483937893,4.290901419561732,4
abc400_c,abc400_c,medium,atcoder,1.9422647953033447,5.475592613220215,1.1142744779586793,2.6373737379102655,4.097771617896384,5
abc376_d,abc376_d,medium,atcoder,1.9397644996643066,1.1132313013076782,-0.7444244623184204,3.023748704675205,0.7906644256459413,2
2800,2800,easy,leetcode,1.9273979663848877,9.017350196838379,-1.648732304573059,1.213529109954834,0.0,1
abc351_a,abc351_a,easy,atcoder,1.9139974117279053,1.2683610916137695,-8.325109481811523,3.388524293899536,0.0,1
abc380_d,abc380_d,medium,atcoder,1.913069486618042,6.729842185974121,-1.311099390188853,2.2291173604714767,5.518493941395385,6
3239,3239,medium,leetcode,1.9002158641815186,15.441561698913574,1.5714715719223022,1.1888355016708374,0.0,1
3620,3620,medium,leetcode,1.873244285583496,9.819539070129395,-1.8467369079589844,2.2853587337051224,0.9996302743035016,3
3794,3794,medium,leetcode,1.8657147884368896,11.752821922302246,1.31996750831604,2.135749093428462,4.017128524965445,5
arc189_b,arc189_b,hard,atcoder,1.8626790046691895,17.690874099731445,-1.1656867265701294,4.984142252250437,7.631595099122458,3
abc325_f,abc325_f,hard,atcoder,1.856078863143921,19.549373626708984,2.6180835564931235,2.51166807194262,3.115188409627651,6
abc390_d,abc390_d,medium,atcoder,1.8557488918304443,5.865063190460205,-0.00962897709437779,1.3108002614292011,3.6335499451961435,7
2777,2777,easy,leetcode,1.8497200012207031,16.674089431762695,-5.022918701171875,2.040925979614258,0.0,1
abc398_f,abc398_f,hard,atcoder,1.8468527793884277,6.468288421630859,2.636521339416504,2.0593056072662876,3.985702298977379,4
3313,3313,hard,leetcode,1.8451228141784668,15.45520305633545,-1.15532652537028,1.878662900366858,4.267200727198877,6
3555,3555,easy,leetcode,1.8220324516296387,10.765544891357422,-3.633517265319824,2.8936383724212646,0.0,1
abc340_c,abc340_c,medium,atcoder,1.8201141357421875,3.2144978046417236,2.665499210357666,0.8968387842178345,0.0,1
3605,3605,easy,leetcode,1.8159904479980469,11.676637649536133,3.474445343017578,2.2625703653473708,2.241221046902586,2
3647,3647,medium,leetcode,1.7806589603424072,12.044480323791504,-2.232497978210449,2.603829167296825,4.204754848070698,5
3548,3548,hard,leetcode,1.7760915756225586,13.582219123840332,1.8410450021425884,1.7299144576002554,6.240549347338864,6
3720,3720,medium,leetcode,1.7702116966247559,11.693901062011719,4.3404821991920475,1.5465205876100871,8.616345556096459,5
3771,3771,medium,leetcode,1.7543587684631348,12.384367942810059,5.956489483515422,2.889065340753245,5.895083992029132,6
2915,2915,medium,leetcode,1.7521746158599854,14.988823890686035,2.0731096267700195,1.772404432296753,0.0,1
abc380_g,abc380_g,hard,atcoder,1.7505440711975098,14.086488723754883,0.05931764841079712,3.8055456595929162,1.6862973476759018,2
3224,3224,hard,leetcode,1.7492647171020508,15.203593254089355,3.082772692044576,3.354026256469423,3.8772613660546957,3
3646,3646,hard,leetcode,1.7428925037384033,10.137673377990723,0.29511578877766925,3.134547665160966,5.078408456617743,3
3779,3779,medium,leetcode,1.7403290271759033,7.0791449546813965,-2.691157579421997,3.27323122433297,3.6845883814345286,4
3532,3532,hard,leetcode,1.7095468044281006,14.332539558410645,0.6442861954371134,2.25747541808319,1.335582724264111,3
3658,3658,hard,leetcode,1.7057850360870361,12.71546459197998,0.518783966700236,2.0862401313347188,5.469822997455419,6
abc399_d,abc399_d,medium,atcoder,1.684255838394165,11.237494468688965,-3.929818312327067,2.282616062215878,0.31677214339486387,3
abc390_f,abc390_f,hard,atcoder,1.6771996021270752,15.036036491394043,-1.2482064167658489,3.4419465282956287,6.72531673741831,6
3754,3754,medium,leetcode,1.6398625373840332,10.386530876159668,-1.2006749936512537,1.0559178265613152,3.1154970432361466,7
arc183_a,arc183_a,medium,atcoder,1.6330287456512451,6.018751621246338,4.570475101470947,4.724039077758789,0.0,1
abc311_d,abc311_d,medium,atcoder,1.6316721439361572,10.347610473632812,-1.8085090517997742,3.2015909103433446,1.9150011894527408,4
2876,2876,easy,leetcode,1.6255061626434326,14.375388145446777,-3.2625088691711426,9.192832946777344,0.0,1
abc392_c,abc392_c,medium,atcoder,1.617952823638916,1.044325590133667,-0.47937917709350586,0.9768660664558411,0.0,1
3526,3526,medium,leetcode,1.616623878479004,11.21036148071289,-2.824352204799652,1.3557432042394095,5.136027856473191,2
3329,3329,medium,leetcode,1.616370439529419,10.225458145141602,-0.6127515733242035,3.3091898977603766,3.8177171633775626,4
3267,3267,medium,leetcode,1.6163091659545898,10.977416038513184,-2.5195493698120117,3.536130613038543,0.6319464748244642,2
2848,2848,medium,leetcode,1.614875316619873,10.726775169372559,-4.094632625579834,1.7913689613342285,0.0,1
abc361_d,abc361_d,hard,atcoder,1.6021101474761963,5.0243120193481445,-3.469506104787191,5.889760166265706,0.9589210022783039,3
3654,3654,medium,leetcode,1.6016278266906738,8.468206405639648,-2.6906950175762177,1.9389315355990189,1.2050260747215218,4
abc331_b,abc331_b,easy,atcoder,1.5912165641784668,1.0418566465377808,5.073139667510986,4.689582824707031,0.0,1
abc397_e,abc397_e,hard,atcoder,1.588676929473877,4.35106086730957,3.2240860291889737,3.4726412332615597,3.912691264743142,7
3587,3587,medium,leetcode,1.587329626083374,12.99850082397461,4.835578242937724,2.420066916383468,1.994656189522347,6
abc323_c,abc323_c,medium,atcoder,1.587198257446289,1.0416568517684937,2.0746870040893555,0.8164533376693726,0.0,1
3692,3692,hard,leetcode,1.577540397644043,12.32981014251709,-1.9059806721551078,1.9181909524835994,1.3004382106795238,7
abc327_d,abc327_d,medium,atcoder,1.5718498229980469,1.0407458543777466,3.066273868083954,1.7459632507369538,2.6153863537601127,2
3580,3580,hard,leetcode,1.5384550094604492,10.402547836303711,1.1618639081716537,1.6250703053557585,3.7553806069314972,4
3423,3423,hard,leetcode,1.5356216430664062,8.687353134155273,3.023335909843445,1.6926519351595382,2.6937524329742204,5
3141,3141,medium,leetcode,1.527883529663086,11.584712982177734,-1.4567946592966716,2.080457779421385,0.8443213203947423,3
3832,3832,easy,leetcode,1.526801347732544,12.35550594329834,-1.5250996351242065,4.902722358703613,0.0,1
3507,3507,medium,leetcode,1.516977071762085,10.657727241516113,2.693114757537842,2.579488515853882,0.0,1
abc372_d,abc372_d,medium,atcoder,1.5104284286499023,4.0397419929504395,-1.4746164381504059,1.6157928640947543,2.6012894621501186,4
abc367_e,abc367_e,hard,atcoder,1.5059754848480225,19.524658203125,3.4344998359680177,4.7722809916321385,4.502648379385378,5
abc324_d,abc324_d,hard,atcoder,1.49660325050354,11.278379440307617,0.7523933251698812,1.0237598233882659,1.696536155530002,3
abc372_c,abc372_c,medium,atcoder,1.4894053936004639,1.206162691116333,-0.5411267876625061,1.0678960074464532,2.6782084019898997,3
3203,3203,hard,leetcode,1.4893181324005127,10.873764991760254,0.756061335404714,2.130500167325549,2.916190865936198,6
arc193_d,arc193_d,hard,atcoder,1.479766607284546,8.275555610656738,0.632591187953949,1.0632855892181396,0.0,1
abc340_e,abc340_e,hard,atcoder,1.4755373001098633,9.11417007446289,-0.16049078106880188,3.862842680739371,3.925957784018121,4
abc374_e,abc374_e,hard,atcoder,1.4605629444122314,6.340795993804932,1.718135952949524,3.086936720566598,5.688970831109105,3
3196,3196,hard,leetcode,1.4578392505645752,12.924562454223633,-1.6482015252113342,2.75438016727978,1.3071928516413835,2
abc378_b,abc378_b,easy,atcoder,1.449878215789795,1.2029329538345337,0.8633954524993896,1.1119370460510254,0.0,1
abc359_d,abc359_d,hard,atcoder,1.4478733539581299,14.779770851135254,0.5775880515575409,2.9255792425721308,3.3509185453612016,4
abc375_c,abc375_c,medium,atcoder,1.4447062015533447,4.923264026641846,0.31939998269081116,1.788249524247848,4.128391900858884,4
abc372_e,abc372_e,hard,atcoder,1.4436750411987305,6.614837169647217,0.17579364776611328,1.6046992284501407,1.819625766270228,4
3413,3413,medium,leetcode,1.440011978149414,19.530126571655273,-4.108709971110026,1.9051716688109204,1.0706248665868185,3
3265,3265,medium,leetcode,1.4327552318572998,17.07691192626953,4.414967036247253,2.380232421010334,2.274999020751385,5
abc351_d,abc351_d,hard,atcoder,1.4290289878845215,4.969489097595215,3.247561901807785,1.7593688103518295,3.0294675105974935,4
3154,3154,easy,leetcode,1.4284234046936035,14.489047050476074,1.6191962361335754,3.369654553284886,4.6550576307483285,2
abc312_f,abc312_f,hard,atcoder,1.4158334732055664,10.118735313415527,1.1548069953918456,1.9989338546302307,4.040530210505337,5
3383,3383,medium,leetcode,1.4059700965881348,5.931004047393799,-5.200454950332642,1.9479363755807175,1.1536904047357355,2
3025,3025,hard,leetcode,1.3994228839874268,10.043206214904785,1.8489874005317688,2.3465311429047455,3.9582340704786922,4
3091,3091,hard,leetcode,1.398144245147705,15.610584259033203,2.1283079215458462,1.0230854645154701,3.8430982007724768,7
3714,3714,medium,leetcode,1.3953936100006104,15.134509086608887,-0.8884987831115723,3.0746700949667236,5.414552703135237,5
3382,3382,hard,leetcode,1.3921053409576416,9.133234024047852,-0.9170337915420532,2.672981667204039,1.2460722505741582,2
2877,2877,medium,leetcode,1.3855664730072021,10.243145942687988,1.7939400672912598,1.5418700345656622,9.41143645390424,2
3621,3621,easy,leetcode,1.383471965789795,8.873929977416992,-6.411914587020874,1.965458755213655,5.760680144813269,2
3588,3588,hard,leetcode,1.379511833190918,8.302496910095215,0.19282889366149902,5.46138233835283,5.386075105809164,4
3791,3791,medium,leetcode,1.3716840744018555,11.6246976852417,2.642515182495117,4.38001646327104,6.1494398668810915,3
3627,3627,medium,leetcode,1.3663465976715088,12.693187713623047,-3.0120410919189453,3.687477141947006,1.1115904235203857,2
3451,3451,medium,leetcode,1.3613183498382568,10.493370056152344,3.1900901794433594,2.649783525984887,1.8691675500365466,2
3454,3454,hard,leetcode,1.346313238143921,8.575563430786133,0.8661725044250488,2.4652964184808512,3.738102874335658,5
2730,2730,medium,leetcode,1.34346604347229,7.9852824211120605,-2.6136274337768555,6.104104518890381,0.0,1
abc363_e,abc363_e,hard,atcoder,1.3378405570983887,2.752434015274048,-3.566823681195577,4.016612776068011,2.7538221771873346,3
abc360_d,abc360_d,medium,atcoder,1.3339838981628418,8.261927604675293,0.9745656013488769,2.4902818090584793,3.6652636680644077,5
abc302_f,abc302_f,hard,atcoder,1.3214609622955322,4.741235256195068,2.042774260044098,2.77583481059487,3.7040308528394092,2
3376,3376,hard,leetcode,1.3165161609649658,12.672089576721191,-1.2743756294250488,2.484734851743953,3.7942401988528793,5
3106,3106,medium,leetcode,1.313608169555664,8.981463432312012,-3.32438325881958,5.2611613273620605,0.0,1
3725,3725,hard,leetcode,1.3120304346084595,16.025096893310547,3.889799873034159,3.9580016781966094,4.603803371716514,3
abc334_c,abc334_c,medium,atcoder,1.2964520454406738,13.864495277404785,4.628595511118571,12.120048564352812,4.4556006533321355,3
abc342_e,abc342_e,hard,atcoder,1.2724844217300415,12.093884468078613,-1.757533141544887,3.013774746170782,4.173995338023246,7
arc189_d,arc189_d,hard,atcoder,1.2679985761642456,12.474637031555176,1.7321914196014405,1.072342187793622,4.606521131799785,5
abc395_f,abc395_f,hard,atcoder,1.2618274688720703,8.311226844787598,-1.7188833951950073,2.4392811176635085,4.275853839511121,5
3677,3677,medium,leetcode,1.259844183921814,16.906396865844727,-0.45113935470581057,2.2979158702914675,4.028531445930835,5
3744,3744,hard,leetcode,1.258941411972046,9.64504623413086,-1.450454306602478,3.267411346757446,3.2691956978938537,5
3511,3511,easy,leetcode,1.253633975982666,7.524478912353516,-4.549044132232666,4.276989459991455,0.0,1
abc341_b,abc341_b,easy,atcoder,1.250380277633667,1.0596916675567627,3.8060153325398765,2.1135496218850203,2.441073317124273,3
abc393_d,abc393_d,hard,atcoder,1.2476390600204468,1.059295654296875,2.191207706928253,2.05302900468619,4.456251957846806,2
abc364_e,abc364_e,hard,atcoder,1.2452448606491089,15.01259708404541,3.3731824159622192,2.972013063288732,0.5389575457800907,2
abc301_e,abc301_e,hard,atcoder,1.2430154085159302,1.0586313009262085,-2.5529791593551634,4.600233300212758,4.732756655036742,5
abc371_c,abc371_c,medium,atcoder,1.2412277460098267,1.0584979057312012,1.4471676349639893,4.519202236301652,6.082202604887839,2
abc388_e,abc388_e,hard,atcoder,1.2388298511505127,1.0147815942764282,-0.8928951422373453,3.2713331971841675,1.6445155943984298,3
abc386_e,abc386_e,hard,atcoder,1.2361063957214355,3.0665276050567627,-0.11986160278320312,1.402786986773003,10.003317257641552,3
abc374_f,abc374_f,hard,atcoder,1.2332178354263306,9.32460880279541,0.6805980205535889,1.4926605714483527,6.549229706209371,4
3793,3793,medium,leetcode,1.2325993776321411,10.602134704589844,1.8514177203178406,1.6930536342798688,3.006897533297086,2
3583,3583,hard,leetcode,1.2294201850891113,12.72153091430664,-3.0942087173461914,3.8047442903978457,0.6029211203667698,2
abc314_f,abc314_f,hard,atcoder,1.2288442850112915,5.036975860595703,1.3365126649538677,2.3677883989610873,4.507398122410935,6
abc387_f,abc387_f,hard,atcoder,1.2141485214233398,11.739986419677734,-2.202241063117981,4.521321956659965,5.851386523380398,3
abc394_f,abc394_f,hard,atcoder,1.2123619318008423,5.098422527313232,2.940018435319265,1.3834494275511122,5.187838312416895,6
3298,3298,hard,leetcode,1.202513575553894,11.169794082641602,-2.623570477962494,1.348703252851743,2.450289402766223,5
3733,3733,hard,leetcode,1.2023345232009888,16.533964157104492,-1.0734237909317017,2.8041855567455363,5.388421396742944,5
2828,2828,medium,leetcode,1.1962013244628906,12.200028419494629,-4.037383079528809,1.7185688018798828,0.0,1
abc320_c,abc320_c,medium,atcoder,1.1903706789016724,14.356764793395996,0.061914304892222084,1.6901289476274106,3.880922086450157,6
2754,2754,medium,leetcode,1.1796592473983765,5.130220890045166,-1.384519338607788,13.868373422905789,5.921832160429947,2
arc182_c,arc182_c,hard,atcoder,1.1707603931427002,5.853348255157471,-0.3184511661529541,5.944291219385722,3.747584141685112,2
2953,2953,medium,leetcode,1.1688541173934937,19.727825164794922,-6.69027853012085,7.3382158279418945,0.0,1
3213,3213,medium,leetcode,1.166473388671875,7.198847770690918,-3.357419967651367,10.680908203125,0.0,1
3699,3699,medium,leetcode,1.157108187675476,16.5048885345459,-4.409520864486694,2.0778360155962754,8.016982345637418,2
3607,3607,medium,leetcode,1.1566699743270874,9.005404472351074,-1.486850877602895,2.3404228151619244,5.446427992497064,6
abc399_e,abc399_e,hard,atcoder,1.1536182165145874,12.88937759399414,1.8681398630142212,1.1408756971359253,0.0,1
3230,3230,medium,leetcode,1.1530629396438599,6.484764099121094,-0.8377054532368978,2.4720180799278513,5.6366152890240615,3
3460,3460,hard,leetcode,1.1497853994369507,9.82379150390625,-2.4779913680894032,1.6769123976672253,1.9181156016783771,7
2757,2757,hard,leetcode,1.1491268873214722,12.105951309204102,-2.5812172889709473,2.554903030395508,0.0,1
arc186_a,arc186_a,hard,atcoder,1.1447443962097168,17.721426010131836,0.9580576419830322,1.1410470008850098,0.0,1
arc196_b,arc196_b,hard,atcoder,1.1362682580947876,4.041652679443359,-4.091127236684163,3.7665996042149916,1.9311291833116886,3
3751,3751,medium,leetcode,1.1326454877853394,10.27806568145752,0.9441044727961222,2.013770197721182,2.7062358985252972,6
3616,3616,easy,leetcode,1.126585841178894,13.64882755279541,-2.792362372080485,2.307502940887947,5.240650302157851,3
2839,2839,hard,leetcode,1.1239899396896362,9.76036548614502,2.004124194383621,0.7868421370687765,4.695465277179425,6
arc187_b,arc187_b,hard,atcoder,1.1127536296844482,11.946576118469238,-3.1934561729431152,5.180089252103452,1.3887244970928587,2
2802,2802,medium,leetcode,1.1096388101577759,8.04262638092041,0.9625316858291626,1.1405974626541138,0.0,1
3416,3416,medium,leetcode,1.1090954542160034,10.499368667602539,-3.3460888862609863,6.885500907897949,0.0,1
2879,2879,hard,leetcode,1.1007635593414307,12.070937156677246,0.0152894655863444,4.127487449030786,6.900628876346267,3
2952,2952,hard,leetcode,1.0993058681488037,16.936094284057617,-0.7203625738620758,2.8987167208798494,1.9162807240910398,4
arc190_d,arc190_d,hard,atcoder,1.0955437421798706,11.162527084350586,1.362237811088562,1.259843612106266,1.8434271209517914,2
abc307_c,abc307_c,medium,atcoder,1.0839985609054565,8.097938537597656,1.5258331596851349,3.8323544866850803,5.5546293398034186,4
3279,3279,medium,leetcode,1.0753130912780762,11.409045219421387,-0.1746230125427246,1.3665663003921509,0.0,1
3192,3192,medium,leetcode,1.0740751028060913,15.888809204101562,-1.4550981124242146,2.0643857782225883,3.3322781631429814,6
2921,2921,hard,leetcode,1.0649914741516113,9.676578521728516,2.6037323474884033,2.0328606087234027,4.609789531724327,4
3739,3739,hard,leetcode,1.0631715059280396,8.907297134399414,-1.7203168869018555,3.4557269214722566,4.8024986784293215,4
abc335_d,abc335_d,medium,atcoder,1.0584444999694824,4.867920875549316,0.7588585615158081,3.4075718369146557,5.568287503403892,4
3261,3261,hard,leetcode,1.0552724599838257,9.71074104309082,-0.7449576088360378,1.5239078578196736,1.448134249172458,7
abc322_d,abc322_d,medium,atcoder,1.048073410987854,4.41668176651001,2.2088521003723143,2.5257420670163055,4.422444929406856,5
3560,3560,hard,leetcode,1.0448983907699585,11.388749122619629,-1.9810898303985596,4.091972712631877,1.7512090443148187,3
3683,3683,medium,leetcode,1.042823314666748,7.061499118804932,1.1155970573425293,2.773764744652108,6.51324012619932,5
abc365_e,abc365_e,hard,atcoder,1.0415905714035034,4.545044898986816,0.3205588459968567,1.0969902598543348,12.295207482100432,4
3696,3696,hard,leetcode,1.03395676612854,11.919194221496582,2.1088268160820007,2.082292591835674,3.4609192523766374,4
3317,3317,medium,leetcode,1.0300109386444092,5.908972263336182,-0.3402680516242981,2.8370589851131527,3.4081238246927077,5
3166,3166,medium,leetcode,1.0220392942428589,8.22458267211914,1.9714739620685577,2.889789148835586,4.662776017602807,4
abc385_a,abc385_a,easy,atcoder,1.0121506452560425,1.0102288722991943,-6.373268127441406,6.754055500030518,0.0,1
abc386_d,abc386_d,hard,atcoder,1.003084421157837,4.6319193840026855,1.4279767274856567,2.1278207820696875,5.501131701730581,5
abc359_c,abc359_c,medium,atcoder,0.9982374906539917,9.574710845947266,-1.4426141381263733,1.381393990996951,2.132457555434548,4
3356,3356,medium,leetcode,0.9927603006362915,8.9176025390625,-5.673290252685547,8.036763191223145,0.0,1
3243,3243,hard,leetcode,0.9766883850097656,10.0169095993042,0.6004422108332316,2.309340187504595,4.096266409159138,6
2882,2882,medium,leetcode,0.9700987339019775,6.383613109588623,-3.2909693717956543,5.239427089691162,0.0,1
2854,2854,medium,leetcode,0.9700089693069458,7.282386302947998,0.5228660106658936,3.0992112433738277,4.988493909078867,2
3046,3046,medium,leetcode,0.9673018455505371,11.160137176513672,-6.230765342712402,2.270233631134033,0.0,1
3502,3502,medium,leetcode,0.9580724239349365,10.41800308227539,-3.9782934188842773,12.44711685180664,0.0,1
abc321_e,abc321_e,hard,atcoder,0.9471638202667236,12.827085494995117,0.38693015916006906,2.1111439333706064,3.307197463585047,7
3518,3518,medium,leetcode,0.946391224861145,12.813475608825684,4.208817720413208,8.704327155337078,4.54145543674055,2
3244,3244,medium,leetcode,0.9448899030685425,11.711469650268555,-3.845247358083725,1.6048320902230564,2.303461543995374,4
3397,3397,easy,leetcode,0.9196897745132446,12.322882652282715,0.9559392929077148,0.842013418674469,0.0,1
3453,3453,medium,leetcode,0.9193859100341797,10.188872337341309,4.87950982650121,2.9573978995977304,3.381569855904028,6
3299,3299,medium,leetcode,0.9170248508453369,8.303072929382324,-0.4870030879974365,0.8243659313886452,3.5134840462495984,5
3227,3227,easy,leetcode,0.9119527339935303,7.710748195648193,-0.5888456106185913,5.168079376220703,0.0,1
abc364_a,abc364_a,easy,atcoder,0.9075615406036377,0.943730354309082,8.416770935058594,2.366239070892334,0.0,1
3047,3047,hard,leetcode,0.8976223468780518,7.216015338897705,3.909074544906616,5.541996864858757,1.0522662054303917,2
3552,3552,hard,leetcode,0.8948314189910889,8.539824485778809,0.26775169372558594,3.46116893645005,6.390329500393999,3
2857,2857,easy,leetcode,0.8906958103179932,8.386115074157715,0.2841898202896118,1.7969435853780067,4.946999622810016,4
arc185_d,arc185_d,hard,atcoder,0.8890254497528076,11.756194114685059,-2.801077127456665,5.1969880429296795,0.2699188702821961,2
3471,3471,easy,leetcode,0.887060284614563,9.869609832763672,-3.5629328787326813,3.0799912865498564,2.196294772376732,4
abc301_c,abc301_c,medium,atcoder,0.8830569982528687,13.354487419128418,1.094109058380127,3.0650460920831977,4.001309868195328,4
3291,3291,medium,leetcode,0.8823150396347046,9.735102653503418,1.9085145592689514,3.491634999994265,3.275469558888268,2
3428,3428,easy,leetcode,0.8471322059631348,10.414705276489258,-2.2573657035827637,8.715289115905762,0.0,1
arc189_c,arc189_c,hard,atcoder,0.8404760360717773,5.165165424346924,0.9878167907396952,1.4237983516824564,2.319592815855537,6
3193,3193,easy,leetcode,0.8344982862472534,8.201005935668945,-3.5119876861572266,5.754039764404297,0.0,1
abc393_e,abc393_e,hard,atcoder,0.8319555521011353,3.0738325119018555,-5.954991579055786,3.1338337670450604,4.620516181051226,2
3200,3200,medium,leetcode,0.8300818204879761,12.047407150268555,0.32036489248275757,0.6165051307416859,0.5432577887336572,2
3231,3231,medium,leetcode,0.821894645690918,12.33204460144043,-4.877100467681885,4.23963737487793,0.0,1
3438,3438,hard,leetcode,0.819443941116333,14.559961318969727,-2.0054564774036407,2.46425636328577,1.776864750512479,4
2849,2849,hard,leetcode,0.8060530424118042,14.522886276245117,-0.5693942070007324,2.4190009295888166,4.090122223741234,5
3687,3687,hard,leetcode,0.7976822853088379,5.479663848876953,-0.06402075290679932,0.8197720646858215,0.0,1
3381,3381,easy,leetcode,0.7901748418807983,8.035033226013184,7.561351299285889,1.912946343421936,0.0,1
3490,3490,medium,leetcode,0.7893276214599609,14.470867156982422,1.6888975302378337,2.1813400952754045,4.055537486842889,3
3081,3081,medium,leetcode,0.7872534990310669,16.59750747680664,-0.4311271607875824,2.0849476293953404,2.363101579449396,4
abc388_g,abc388_g,hard,atcoder,0.7858285903930664,9.141880989074707,-2.981650710105896,2.7580443927810565,0.8901763172289766,5
2810,2810,medium,leetcode,0.7844423055648804,8.475440979003906,2.633920152982076,0.7416824235051137,2.719198928470096,3
3456,3456,medium,leetcode,0.7746410369873047,8.647260665893555,3.613158494234085,4.8760024481569,3.6992469058239563,4
abc397_c,abc397_c,medium,atcoder,0.7699500322341919,0.9052679538726807,-2.0662217140197754,6.0602126121521,0.0,1
2979,2979,medium,leetcode,0.7678118944168091,8.18129825592041,-7.700045108795166,6.012594699859619,0.0,1
3024,3024,hard,leetcode,0.7672454118728638,6.835454940795898,3.568626284599304,2.073057600323043,7.118420430936687,6
3229,3229,medium,leetcode,0.7637760639190674,11.243706703186035,0.19017773866653442,1.7856477130220638,4.968749321980028,6
3604,3604,hard,leetcode,0.7621300220489502,6.688976764678955,2.138356178998947,1.03689551884099,2.8369749229739587,4
3786,3786,medium,leetcode,0.757601261138916,10.821646690368652,2.2049472630023956,4.3695791418262555,7.043901481065532,4
3750,3750,medium,leetcode,0.754015326499939,15.278705596923828,-2.0898170471191406,1.9911867468797206,1.848328724207221,3
3657,3657,medium,leetcode,0.737661600112915,7.374458312988281,1.092023992538452,1.345629459745692,1.9450755599214122,5
3573,3573,medium,leetcode,0.7373046875,12.133190155029297,-1.485654926300049,2.9063492830756665,3.119428686731255,5
abc314_b,abc314_b,easy,atcoder,0.7327059507369995,0.9031968116760254,-5.1815876960754395,2.265599012374878,0.0,1
abc375_e,abc375_e,hard,atcoder,0.7208700180053711,6.206445693969727,1.3672043323516845,2.813283365612566,4.0028869656689245,5
3362,3362,hard,leetcode,0.7204866409301758,10.620560646057129,2.2240264415740967,0.8590885400772095,0.0,1
3498,3498,medium,leetcode,0.7134531736373901,8.539016723632812,2.7124442160129547,1.2413746705728324,3.402582497396283,4
3760,3760,medium,leetcode,0.712847113609314,11.185271263122559,-7.720140695571899,1.9626050296860063,0.5341789360959255,2
3349,3349,easy,leetcode,0.712591290473938,9.370116233825684,-2.548966884613037,3.6627798080444336,0.0,1
arc194_b,arc194_b,hard,atcoder,0.7123908996582031,12.90511417388916,-2.699670672416687,2.273673348840565,3.789053677316705,5
3190,3190,medium,leetcode,0.7031480073928833,11.465540885925293,-0.5195103883743286,4.717001438140869,0.0,1
3566,3566,medium,leetcode,0.6986856460571289,10.359151840209961,0.2804909646511078,0.6641127532402845,0.776958059775956,2
abc368_c,abc368_c,medium,atcoder,0.6711686849594116,10.598943710327148,-0.39334410429000854,2.483750563841446,3.9231344363465874,4
3388,3388,medium,leetcode,0.6685283184051514,7.473743915557861,-3.9058566093444824,1.6838058233261108,0.0,1
3446,3446,easy,leetcode,0.6673489809036255,8.935369491577148,-2.1968979835510254,1.7345564365386963,0.0,1
3617,3617,easy,leetcode,0.6583468914031982,14.137598037719727,0.663915753364563,0.7240884900093079,0.0,1
3675,3675,hard,leetcode,0.6575888395309448,9.031758308410645,-2.7226381301879883,2.9867801537556624,0.6683880895081713,3
arc186_d,arc186_d,hard,atcoder,0.6537905931472778,8.508659362792969,-4.914169152577718,11.625543925289662,2.237249851900789,3
3722,3722,medium,leetcode,0.6180182695388794,8.959602355957031,0.13579909006754556,6.4658253835490305,4.694703724361981,3
abc367_d,abc367_d,medium,atcoder,0.6123127937316895,10.27109146118164,-0.9748373627662659,2.1632265519865816,4.336779366678104,4
3631,3631,hard,leetcode,0.6118776798248291,9.001632690429688,-0.5000545779863993,2.4308299995060803,3.401345855165834,6
3550,3550,hard,leetcode,0.6079890727996826,8.19565486907959,-1.3173554340998332,2.030297924078123,2.515300394202007,3
3637,3637,hard,leetcode,0.6040724515914917,7.553922653198242,0.15968280179159983,2.8697775762541538,3.691457134665252,7
arc194_a,arc194_a,medium,atcoder,0.5962034463882446,6.644115447998047,-1.8631561994552612,3.8421388020689675,2.8102899871328,2
2866,2866,easy,leetcode,0.5900850296020508,13.999054908752441,-2.7247672080993652,6.5296525955200195,0.0,1
3430,3430,medium,leetcode,0.5878311395645142,8.926224708557129,-3.5106544494628906,12.404886245727539,0.0,1
3541,3541,medium,leetcode,0.5768823623657227,10.202485084533691,-4.388934135437012,1.8146445751190186,0.0,1
2916,2916,medium,leetcode,0.5758194923400879,8.087800979614258,0.6615502834320068,0.7242780327796936,0.0,1
abc311_e,abc311_e,hard,atcoder,0.572798490524292,1.1424925327301025,-3.7076745986938477,2.306503339438218,3.1830805337491705,5
abc397_b,abc397_b,medium,atcoder,0.5660560131072998,1.1416890621185303,1.850551724433899,2.9710207028482674,4.266772475007177,3
abc332_d,abc332_d,hard,atcoder,0.5604698657989502,0.958526611328125,-2.0944314002990723,2.3705934389225876,2.4074900271032753,2
abc328_b,abc328_b,easy,atcoder,0.5580880641937256,0.9582411646842957,4.476735055446625,1.241811879191389,4.55204179785582,2
3625,3625,easy,leetcode,0.5572769641876221,10.287395477294922,0.3946220874786377,2.5687474323008384,1.284155974301208,2
3439,3439,hard,leetcode,0.5547387599945068,6.40487813949585,0.4749692380428314,2.4740256644017835,4.654018243149101,4
abc383_e,abc383_e,hard,atcoder,0.5532991886138916,7.656814098358154,-0.3511880338191986,0.8375820062070677,2.269961380605458,6
2920,2920,medium,leetcode,0.5520488023757935,11.363224983215332,5.273711919784546,1.4261377235624204,3.948221996628892,4
3403,3403,medium,leetcode,0.54842209815979,10.3784761428833,-1.69851653277874,2.727855641975147,1.8864947705228223,4
3292,3292,medium,leetcode,0.5439541339874268,8.753837585449219,-1.5955311954021454,3.083316125082961,3.8621260436210387,4
arc188_a,arc188_a,hard,atcoder,0.5417693853378296,10.071305274963379,0.7602448761463165,3.359401919643204,4.026683004762215,4
3805,3805,medium,leetcode,0.5384351015090942,15.225770950317383,-2.81459219455719,2.6527897672233545,1.323161576183444,5
3406,3406,medium,leetcode,0.5268765687942505,13.426636695861816,2.7839294331414357,1.782418743522048,3.158739315484476,7
3494,3494,medium,leetcode,0.5246871709823608,8.441328048706055,6.518473943074544,3.099705870065064,1.0375724538550293,3
3387,3387,medium,leetcode,0.5227254629135132,8.370322227478027,3.7346757650375366,5.218057808532769,5.073425372212323,2
2833,2833,medium,leetcode,0.5196620225906372,9.047258377075195,-2.3129379987716674,1.8977891459002518,1.263709800473391,5
3485,3485,medium,leetcode,0.510269284248352,9.027235984802246,-2.842985439300537,2.508941463856414,1.6526791433783636,5
3701,3701,hard,leetcode,0.4927021265029907,8.49058723449707,-0.6143885850906372,3.27488112449646,0.0,1
abc326_c,abc326_c,medium,atcoder,0.4867095947265625,1.0856640338897705,-0.49256908893585205,0.9373247623443604,0.0,1
abc371_g,abc371_g,hard,atcoder,0.47173893451690674,4.978188514709473,-2.916410446166992,7.06047248840332,0.0,1
abc391_d,abc391_d,medium,atcoder,0.4678388833999634,12.867258071899414,-0.7418745756149292,1.985596460864564,2.406403144173876,2
3479,3479,medium,leetcode,0.4620356559753418,14.302599906921387,4.034789681434631,2.973641885574775,2.8424949592528863,3
3209,3209,medium,leetcode,0.4542086124420166,10.189360618591309,0.8740768432617188,3.2084171549198257,4.647243239987329,3
abc354_c,abc354_c,medium,atcoder,0.4508481025695801,2.5672526359558105,-0.649356484413147,5.597409248352051,0.0,1
3528,3528,medium,leetcode,0.44882822036743164,12.973484992980957,0.3262457549571991,1.9501505233319238,2.5980716849196885,4
3374,3374,medium,leetcode,0.4415377378463745,6.279723167419434,-6.336239337921143,1.277711033821106,0.0,1
abc303_e,abc303_e,hard,atcoder,0.43935859203338623,6.226193904876709,-2.733082095781962,1.5410601804987094,6.222167666605336,6
3219,3219,medium,leetcode,0.43781256675720215,9.99068832397461,3.292348861694336,6.076762723607682,5.039918796233556,2
abc349_d,abc349_d,hard,atcoder,0.4375561475753784,5.541677951812744,-2.1516510446866355,1.946315999246285,2.5585942254009066,3
2850,2850,medium,leetcode,0.42328810691833496,8.015826225280762,-0.0027992044176374164,1.6389191935565246,2.528628028506511,7
abc359_e,abc359_e,hard,atcoder,0.4080350399017334,9.444801330566406,-2.2405428489049277,1.9198146841801715,2.0627769878597277,3
3496,3496,medium,leetcode,0.39568865299224854,8.637353897094727,-1.1848207414150238,2.439332937790129,1.8587730333017516,4
abc383_d,abc383_d,medium,atcoder,0.3938034772872925,7.077579498291016,-1.1149038473765056,2.591485545957169,1.2569785923949814,3
abc357_e,abc357_e,hard,atcoder,0.39087986946105957,3.389671564102173,-0.7946216106414795,1.6707199489525624,1.7467769134196172,5
abc354_d,abc354_d,hard,atcoder,0.3900071382522583,12.83031177520752,-1.5962367206811905,2.347534911544251,1.737204818013987,4
3801,3801,hard,leetcode,0.376076340675354,8.738394737243652,3.1359039664268495,2.222279099222361,2.751427345087924,5
3765,3765,hard,leetcode,0.3752872943878174,12.550383567810059,3.530715197324753,2.7172742523758733,3.4055954097129617,4
arc184_e,arc184_e,hard,atcoder,0.36592400074005127,12.469826698303223,-3.172356700897217,2.2409973623952437,0.8654662218140569,5
3622,3622,medium,leetcode,0.35900580883026123,11.350260734558105,-0.006835877895355225,2.008551905824711,3.9120910382645504,4
3563,3563,hard,leetcode,0.357943058013916,8.748905181884766,1.114234209060669,1.6480877028892718,3.5163568647306485,5
abc310_d,abc310_d,medium,atcoder,0.3315652012825012,8.4133882522583,1.7432658076286316,2.756736045224041,4.22734608667678,6
3534,3534,medium,leetcode,0.3065764307975769,8.748093605041504,-0.3315965890884399,1.2958541303801225,3.6988951238319356,5
2845,2845,medium,leetcode,0.306118905544281,6.672257900238037,3.1835737228393555,0.9803595542907715,0.0,1
3558,3558,medium,leetcode,0.3029990792274475,9.61121654510498,2.3143699765205383,2.833954447438403,5.3223223156927775,4
3211,3211,hard,leetcode,0.2996193766593933,7.617884159088135,2.1424470692873,1.7541626976398423,3.597257924359377,4
3784,3784,hard,leetcode,0.2955326437950134,11.12012767791748,-1.1165179014205933,1.8242340722944514,1.9869492152174861,4
3153,3153,hard,leetcode,0.2899474501609802,6.741636753082275,-2.9496612548828125,4.595777988433838,0.0,1
abc366_b,abc366_b,easy,atcoder,0.2891787886619568,6.980293273925781,0.12894868850708008,0.8620755076408386,0.0,1
3575,3575,hard,leetcode,0.28527379035949707,6.866544723510742,-0.3544838825861613,1.2091507238178507,1.9064026618336924,3
3355,3355,medium,leetcode,0.2740855813026428,7.56688928604126,-1.8083068132400513,4.201517105102539,0.0,1
2891,2891,medium,leetcode,0.26776885986328125,8.260007858276367,-0.3595554232597351,0.6897955055768017,0.871911664163665,2
3737,3737,medium,leetcode,0.26378995180130005,9.108237266540527,-3.1888301968574524,2.160504197573029,2.290369245594413,2
3263,3263,easy,leetcode,0.2608085870742798,11.299745559692383,-4.250216484069824,3.170027256011963,0.0,1
3395,3395,medium,leetcode,0.2425883412361145,8.291802406311035,1.4564222693443298,1.9836892188863011,4.110440407488081,6
3195,3195,medium,leetcode,0.23896145820617676,9.64639949798584,-2.526207447052002,4.793149471282959,0.0,1
3328,3328,medium,leetcode,0.23723852634429932,6.901180744171143,-2.869914710521698,2.2289528444561593,1.2977490915892445,2
3045,3045,easy,leetcode,0.23080229759216309,9.180444717407227,2.8241782188415527,3.026752471923828,0.0,1
abc377_f,abc377_f,hard,atcoder,0.2287190556526184,7.388248443603516,0.4743664690426418,1.2522262292649897,4.032955779454776,7
3674,3674,hard,leetcode,0.2258610725402832,11.027172088623047,-2.4869728088378906,5.637897968292236,0.0,1
3510,3510,medium,leetcode,0.21827632188796997,7.267645835876465,-1.0752294858296711,1.341253115666669,2.7313960318062573,3
abc391_g,abc391_g,hard,atcoder,0.21536052227020264,8.34538459777832,-0.2184615135192871,1.2310470026814653,3.8835127527636986,4
3584,3584,medium,leetcode,0.20650947093963623,8.873838424682617,2.803022086620331,3.960433223126571,3.8107040206583,2
abc389_e,abc389_e,hard,atcoder,0.19884169101715088,9.681573867797852,-1.0305947760740917,1.4153063887739679,3.839037675210322,6
3018,3018,medium,leetcode,0.19609320163726807,11.231925964355469,-3.0667829513549805,8.392684936523438,0.0,1
abc366_e,abc366_e,hard,atcoder,0.1947346329689026,6.253359794616699,0.4751783013343811,1.893469737800574,4.504880111025843,6
arc195_e,arc195_e,hard,atcoder,0.17365264892578125,9.938817977905273,-1.9384364485740662,2.739936534081773,1.4172839602871137,2
3411,3411,hard,leetcode,0.1629052758216858,6.659051895141602,-2.1163807113965354,2.0109416490073264,1.5345731121138892,6
3031,3031,medium,leetcode,0.14791178703308105,6.691524028778076,-5.385273456573486,3.940457561185287,1.9664047128234243,2
3522,3522,medium,leetcode,0.14685475826263428,11.3814115524292,-1.0916324853897095,5.6402058601379395,0.0,1
3414,3414,hard,leetcode,0.11940890550613403,11.52220344543457,-0.5980067650477091,1.9067132410408618,3.583122893162804,6
3482,3482,hard,leetcode,0.11844700574874878,6.598583221435547,3.0722472071647644,1.562921482122643,5.319498482837722,2
3233,3233,hard,leetcode,0.11682748794555664,6.755629062652588,5.379306435585022,2.8509568472570392,6.532925792801689,4
3799,3799,easy,leetcode,0.10914963483810425,10.908928871154785,-0.00885242223739624,2.1379453408836677,0.14534264844654488,2
abc395_b,abc395_b,easy,atcoder,0.10372471809387207,0.8826953768730164,-0.12181603908538818,1.5714801158742382,2.9007148705011647,2
3559,3559,medium,leetcode,0.0988512635231018,7.5206170082092285,-2.3478958209355674,1.1557943842093072,2.5400079615242133,6
3252,3252,easy,leetcode,0.096588134765625,7.611971855163574,9.65721344947815,3.351651422054067,8.156721739161833,2
3199,3199,easy,leetcode,0.09234929084777832,8.84744930267334,-4.400869369506836,8.14655876159668,0.0,1
3562,3562,hard,leetcode,0.09217208623886108,9.27556037902832,1.7604316234588624,1.834343157437057,2.251401323898205,5
abc364_c,abc364_c,medium,atcoder,0.0891956090927124,8.205970764160156,0.07348901033401489,2.014796956207134,5.209679581428581,6
3308,3308,medium,leetcode,0.08437979221343994,7.565086841583252,0.9869961500167846,1.1072103670693194,3.9671823419606294,5
arc181_b,arc181_b,hard,atcoder,0.07151108980178833,11.192380905151367,-0.015960216522216797,3.333559213128309,5.689279374269968,3
abc355_c,abc355_c,medium,atcoder,0.06615674495697021,0.9117698073387146,3.6149086952209473,1.4209944009780884,0.0,1
abc313_a,abc313_a,easy,atcoder,0.06581664085388184,0.9612703323364258,-4.330872058868408,1.7557040032199454,1.321524213127937,2
3442,3442,medium,leetcode,0.06488019227981567,7.527836799621582,-0.3308664759000142,1.5039509960265889,3.8021254401227322,6
abc320_e,abc320_e,hard,atcoder,0.061163485050201416,8.657894134521484,-0.5015036463737488,1.5413952602113372,1.508640188036176,6
3764,3764,medium,leetcode,0.05913186073303223,12.024426460266113,-2.278863024711609,1.5223247546491367,4.503779347999237,5
abc361_f,abc361_f,hard,atcoder,0.05626249313354492,8.68469524383545,4.803795218467712,1.926354497051762,3.5560235120426116,2
2786,2786,medium,leetcode,0.032532453536987305,10.002870559692383,5.087111949920654,5.369789123535156,0.0,1
3783,3783,hard,leetcode,0.03128546476364136,11.01984977722168,-2.810597801208496,3.3324430524257296,3.370440876193906,5
3681,3681,medium,leetcode,0.026811063289642334,6.8638997077941895,-0.5017054080963135,0.9807493090629578,0.0,1
2811,2811,medium,leetcode,0.024562299251556396,6.790212631225586,1.260776162147522,0.8218305110931396,0.0,1
2824,2824,easy,leetcode,0.02289426326751709,6.553831577301025,-4.717164993286133,1.7932299901905837,1.2730458964463423,2
3608,3608,hard,leetcode,0.007832646369934082,8.94175910949707,0.03541821241378784,3.167129723466629,2.178765908024112,2
3680,3680,hard,leetcode,0.00425344705581665,8.998662948608398,-1.3300454318523407,1.9201064416038625,2.994856799866841,6
3594,3594,medium,leetcode,-0.00793379545211792,8.33668327331543,-1.70160706837972,4.3451123257150055,3.4395257923978892,3
3345,3345,hard,leetcode,-0.03554642200469971,11.28907585144043,-6.035383224487305,3.9703538400783485,1.0764042113347627,2
3306,3306,medium,leetcode,-0.03825420141220093,13.060791015625,-1.067076047261556,2.539877954520106,3.1107399964377977,3
arc183_c,arc183_c,hard,atcoder,-0.04252904653549194,10.324821472167969,-6.503073692321777,7.007431983947754,0.0,1
abc373_e,abc373_e,hard,atcoder,-0.043316781520843506,7.257386684417725,5.6318254470825195,9.403624534606934,0.0,1
abc321_c,abc321_c,medium,atcoder,-0.047477662563323975,8.722286224365234,-3.395632028579712,9.10715239283703,1.3286335435347545,2
abc341_f,abc341_f,hard,atcoder,-0.04895007610321045,13.22938346862793,-1.1570065447262354,1.355766320266484,3.083340624343261,7
abc379_g,abc379_g,hard,atcoder,-0.0639464259147644,6.8607869148254395,2.1230015414101735,1.8889541498044857,3.7491983011436663,7
2827,2827,hard,leetcode,-0.06801587343215942,12.723689079284668,-2.817728281021118,2.6336731684197323,2.6993506706561092,4
3591,3591,medium,leetcode,-0.07992887496948242,9.650297164916992,-1.1758618752161663,2.406010524934359,4.098546747907664,3
abc382_b,abc382_b,easy,atcoder,-0.08106136322021484,0.9502852559089661,-1.795950472354889,2.57142815770713,1.238074043132246,2
abc394_e,abc394_e,hard,atcoder,-0.0829499363899231,7.2633490562438965,-2.3747545778751373,2.8981897870330693,2.8852580328406523,4
abc360_b,abc360_b,easy,atcoder,-0.09882760047912598,0.9497205018997192,0.12720227241516113,1.2757577643916769,0.07178080346108576,2
abc386_c,abc386_c,medium,atcoder,-0.10751688480377197,2.1833672523498535,-2.595858573913574,3.1096872852922917,0.3719232760767334,3
abc346_d,abc346_d,medium,atcoder,-0.10923534631729126,7.096592903137207,0.9990561604499817,3.2887316259458523,3.6730632681204494,4
3653,3653,medium,leetcode,-0.11064654588699341,11.277647018432617,-2.5668769478797913,4.892491891605739,3.0560728393299565,3
abc333_d,abc333_d,medium,atcoder,-0.11508727073669434,5.740360260009766,0.4718564748764038,4.780622625952465,3.9680539243359405,6
abc358_c,abc358_c,medium,atcoder,-0.11962854862213135,0.9489526152610779,3.3419058322906494,0.9828654527664185,0.0,1
abc375_f,abc375_f,hard,atcoder,-0.125604510307312,3.491483211517334,1.3223774433135986,1.2161588668823242,0.0,1
3394,3394,medium,leetcode,-0.13740581274032593,8.25334358215332,1.7090930938720703,5.117052225643051,5.426085742222326,3
abc378_f,abc378_f,hard,atcoder,-0.15468496084213257,5.669527053833008,1.932424259185791,3.0342930528495797,5.070825777758091,5
3316,3316,hard,leetcode,-0.156497061252594,6.005388259887695,-0.5162442525227865,2.25901538173604,8.67925196389712,3
3776,3776,medium,leetcode,-0.17375510931015015,9.449200630187988,1.7938272612435477,4.352354879754389,5.384916384218679,7
abc354_e,abc354_e,hard,atcoder,-0.17432963848114014,3.3479278087615967,0.3350936770439148,3.8662180767197576,2.6749148997716876,2
3700,3700,hard,leetcode,-0.18631640076637268,7.786594390869141,-1.707459270954132,6.543010937821129,2.43672198541237,2
arc196_c,arc196_c,hard,atcoder,-0.19776535034179688,8.000670433044434,3.7975269556045532,6.4484661472858695,3.0005674981192345,2
abc311_b,abc311_b,easy,atcoder,-0.20010873675346375,0.8298957347869873,-1.5958315134048462,5.385714530944824,0.0,1
3717,3717,hard,leetcode,-0.20804351568222046,10.53038215637207,1.690888226032257,2.1127774742882792,3.257420617265535,4
3493,3493,medium,leetcode,-0.22290554642677307,9.572637557983398,0.40257997810840607,2.5209358249308993,4.315237190885619,4
3455,3455,medium,leetcode,-0.2530345916748047,8.355683326721191,-3.1817307472229004,3.13402099495689,0.8976901085360954,3
2808,2808,hard,leetcode,-0.25681647658348083,7.152856349945068,-0.22547605037689208,2.4280125238831536,1.8656549935791038,5
3426,3426,easy,leetcode,-0.256894052028656,5.329014301300049,0.5786886811256409,1.070892095565796,0.0,1
3531,3531,hard,leetcode,-0.26640865206718445,10.473649978637695,0.38025374710559845,1.4107259292214764,2.692934982556463,4
3777,3777,hard,leetcode,-0.2871308922767639,5.656396389007568,6.44812536239624,1.8687495993661603,8.735835248725682,3
abc307_d,abc307_d,medium,atcoder,-0.31864285469055176,6.855771541595459,4.191848087310791,2.5851506086182776,4.37920203130055,5
3716,3716,medium,leetcode,-0.3436828851699829,6.917362213134766,1.5389132499694824,3.4546268082089306,5.7364201986637795,4
3634,3634,medium,leetcode,-0.3608695864677429,7.566871166229248,-1.6977022290229797,1.9735331919822152,4.958501181591608,4
3364,3364,hard,leetcode,-0.36387017369270325,9.50572395324707,0.0881995956103007,2.294830774189388,2.68354319428982,3
3402,3402,hard,leetcode,-0.37093955278396606,10.34101390838623,-0.7899496793746948,2.539474862871569,3.6786283878724686,5
arc182_d,arc182_d,hard,atcoder,-0.3868844509124756,7.291118621826172,-1.9601933360099792,5.2928108455975655,1.0103156769398614,2
3150,3150,medium,leetcode,-0.39651164412498474,9.7733793258667,1.5063482522964478,0.9597366452217102,0.0,1
abc370_e,abc370_e,hard,atcoder,-0.4076477885246277,1.1791568994522095,-1.8957457939783733,2.7838415298446915,2.178529631080354,3
abc378_e,abc378_e,hard,atcoder,-0.4078555405139923,1.1790611743927002,0.8966084420681,1.87819551611379,3.275676491671301,4
abc400_e,abc400_e,hard,atcoder,-0.4114479422569275,1.1794291734695435,0.3038171927134196,1.6465985331979258,2.5986764172882966,6
arc192_d,arc192_d,hard,atcoder,-0.41212332248687744,7.167384147644043,-4.031986713409424,3.2693052291870117,0.0,1
abc351_e,abc351_e,hard,atcoder,-0.4479749798774719,2.6416409015655518,0.5494920611381531,2.8356322695331238,3.266215471087556,4
abc335_c,abc335_c,medium,atcoder,-0.45529308915138245,7.255870819091797,-0.6771135568618775,2.0701776324863266,4.567541291290325,5
abc385_d,abc385_d,hard,atcoder,-0.47064822912216187,3.9558417797088623,1.5941918293635051,2.5049115050657176,7.326929760457248,3
3702,3702,easy,leetcode,-0.4943770170211792,10.056249618530273,-1.3320422172546387,3.9645367449080986,0.5986870922435068,3
3264,3264,medium,leetcode,-0.5032568573951721,10.222993850708008,0.037077903747558594,1.1503945589065552,0.0,1
abc305_e,abc305_e,hard,atcoder,-0.5303000807762146,3.095214366912842,5.486027717590332,5.301056385040283,0.0,1
3223,3223,hard,leetcode,-0.5450943112373352,7.872751235961914,0.8711300293604533,1.6754404706123462,4.628428384990222,3
3297,3297,medium,leetcode,-0.5517610311508179,8.297661781311035,2.079527497291565,2.0380851524227634,4.9323529777967305,5
2954,2954,medium,leetcode,-0.5651674866676331,8.621243476867676,5.404597520828247,4.127105266683658,0.11530062770907067,2
abc358_e,abc358_e,hard,atcoder,-0.580805242061615,4.930017948150635,-0.462250679731369,1.372478455295179,4.5018454558212495,4
1883_C,1883_C,medium,codeforces,-0.5910109877586365,8.115029335021973,-2.345422685146332,3.0309573382970667,1.7167167512949424,2
3600,3600,easy,leetcode,-0.6096290349960327,8.483848571777344,-2.600851833820343,2.609982448795223,0.958886237925534,2
3437,3437,medium,leetcode,-0.6140697002410889,7.868106842041016,1.4004610379536946,1.3882933452013309,6.68344449229344,3
3697,3697,hard,leetcode,-0.6345252394676208,8.623805046081543,2.9763967275619505,2.3660511009326153,4.115881821341058,5
3354,3354,medium,leetcode,-0.6526342034339905,6.623165607452393,1.9425220489501953,2.1786398953063775,2.1352862671875297,3
abc308_c,abc308_c,medium,atcoder,-0.6612003445625305,3.410834312438965,-3.4407354295253754,2.256612917609747,2.1440513259302603,4
2784,2784,hard,leetcode,-0.6756213903427124,9.097526550292969,-0.8973972400029501,2.801560448479872,2.429813000888765,3
3017,3017,hard,leetcode,-0.6900488138198853,7.052175045013428,3.349011719226837,5.019143068304993,4.317745275347637,2
abc346_b,abc346_b,easy,atcoder,-0.7147637009620667,3.2465615272521973,3.6374855041503906,4.64509391784668,0.0,1
3788,3788,easy,leetcode,-0.7231365442276001,9.9376220703125,0.828174869219462,2.174060609028961,3.9036042222075604,6
3684,3684,easy,leetcode,-0.7994291186332703,8.968780517578125,-1.6126269102096558,4.911333084106445,0.0,1
abc305_d,abc305_d,hard,atcoder,-0.8127295970916748,1.113933801651001,-0.9909141957759857,4.442789053530396,2.319464015911605,2
abc390_e,abc390_e,hard,atcoder,-0.8143523931503296,1.1127666234970093,-3.2973994493484495,1.7578835204970917,2.98016618769541,5
abc370_d,abc370_d,medium,atcoder,-0.8144679069519043,1.112734317779541,1.1909424364566803,2.180460776645721,3.1053248713782127,4
abc379_f,abc379_f,hard,atcoder,-0.8151662945747375,1.1130990982055664,-1.212328016757965,0.8107700960221079,3.4291955573710444,6
abc349_e,abc349_e,hard,atcoder,-0.8153701424598694,1.113074779510498,1.7742461204528808,1.4315351364358408,3.775630335471202,5
abc318_e,abc318_e,hard,atcoder,-0.8154339790344238,1.1135996580123901,-1.6377724409103394,2.049662055495258,3.373957215341476,4
abc338_e,abc338_e,hard,atcoder,-0.815488874912262,1.1130648851394653,-0.2545291930437088,2.0689587953985673,2.2243063105122123,4
abc341_e,abc341_e,hard,atcoder,-0.8157522678375244,1.1133155822753906,0.5941543181737264,2.5235095604831295,4.525843418443019,3
abc384_f,abc384_f,hard,atcoder,-0.8157800436019897,1.1131930351257324,3.2416121482849123,2.3305137594026917,4.854240853580654,5
abc372_f,abc372_f,hard,atcoder,-0.8158649206161499,1.1132358312606812,-0.2886490821838379,3.402864626945086,4.498516564652439,2
abc352_d,abc352_d,hard,atcoder,-0.8159542083740234,1.11342453956604,4.403536796569824,2.534360318284666,0.5170514683854625,2
arc194_e,arc194_e,hard,atcoder,-0.8159584999084473,1.1136003732681274,2.6345950194767545,1.554032003216608,3.518180756607558,7
arc185_e,arc185_e,hard,atcoder,-0.816206693649292,1.1134133338928223,0.6776606798171997,1.7981004903529787,2.095372312458997,5
abc347_c,abc347_c,medium,atcoder,-0.816573441028595,1.1135042905807495,-1.9594666163126628,2.297526089288182,1.7962570094777734,6
abc388_d,abc388_d,medium,atcoder,-0.8166321516036987,1.113463282585144,-3.48811674118042,2.823836356912841,1.088669220241614,3
abc368_d,abc368_d,hard,atcoder,-0.8168647885322571,1.1135917901992798,-1.5269132614135743,2.3681455886839555,5.593127461793611,5
abc380_c,abc380_c,medium,atcoder,-0.8171952962875366,1.1139380931854248,-0.8804145455360413,3.4823624519554577,1.2627783340932093,2
abc360_e,abc360_e,hard,atcoder,-0.8172330856323242,1.1137497425079346,-3.2222135861714682,3.274253351980113,1.0324091133531883,3
abc369_e,abc369_e,hard,atcoder,-0.8180265426635742,1.114039421081543,4.704168319702148,6.102655410766602,0.0,1
3690,3690,hard,leetcode,-0.8413840532302856,6.716815948486328,5.523618388175964,3.2982450328535604,3.386269451067294,5
abc380_b,abc380_b,easy,atcoder,-0.8484319448471069,0.9581195116043091,4.672368049621582,3.455932378768921,0.0,1
abc348_e,abc348_e,hard,atcoder,-0.8598315715789795,0.8002598881721497,0.6882539749145508,4.767619313461176,5.503198184587357,5
abc362_d,abc362_d,hard,atcoder,-0.9598217010498047,0.86598140001297,1.262411117553711,1.1885249614715576,0.0,1
abc333_c,abc333_c,medium,atcoder,-1.0245568752288818,1.1719661951065063,1.5965704917907715,3.238746477762429,10.962312352685668,2
3032,3032,hard,leetcode,-1.0278865098953247,7.2305192947387695,0.46974436442057294,8.039387741099379,6.712183620176651,3
abc358_d,abc358_d,medium,atcoder,-1.031144380569458,1.1717060804367065,-2.497765064239502,1.4571606504953132,5.803268567958142,5
abc330_c,abc330_c,medium,atcoder,-1.0314656496047974,1.1718891859054565,-0.055196523666381836,2.5082592964172363,0.0,1
3770,3770,hard,leetcode,-1.0398356914520264,5.905856132507324,2.8172693763460432,1.7280693390406572,6.478655645706636,7
abc390_g,abc390_g,hard,atcoder,-1.0799078941345215,6.147600173950195,0.7463038563728333,0.7507929801940918,0.0,1
abc391_e,abc391_e,hard,atcoder,-1.0912580490112305,6.411286354064941,-3.8819534301757814,4.704048712843304,1.012888043934444,5
abc383_b,abc383_b,medium,atcoder,-1.0924241542816162,0.9553104043006897,-4.8091020584106445,2.6126240092292767,0.425575948377418,2
3080,3080,medium,leetcode,-1.1177594661712646,7.82874059677124,-1.2015985647837322,1.8725684988468616,3.386429121380885,6
2832,2832,medium,leetcode,-1.1581679582595825,6.701369762420654,-1.4607250094413757,1.0715879578189111,4.0727852629914105,2
abc328_c,abc328_c,medium,atcoder,-1.184565544128418,0.7694122195243835,-6.32112979888916,5.567066192626953,0.0,1
abc318_b,abc318_b,easy,atcoder,-1.247441291809082,0.8788149356842041,-1.8400715589523315,6.667023181915283,0.0,1
abc321_d,abc321_d,medium,atcoder,-1.2495373487472534,0.9887280464172363,2.7847485542297363,2.464545488357544,0.0,1
abc325_c,abc325_c,medium,atcoder,-1.2536232471466064,0.8789622187614441,-1.1119705239931743,5.960837287569806,2.998830235383564,3
abc366_c,abc366_c,medium,atcoder,-1.289690375328064,0.9898848533630371,-1.1858539581298828,2.260043941249887,5.010915020962299,2
abc369_c,abc369_c,medium,atcoder,-1.2947800159454346,0.8787129521369934,-2.5855171531438828,1.59292286143358,3.1460299799130897,4
abc338_a,abc338_a,easy,atcoder,-1.2948992252349854,0.8787332773208618,-1.4305973847707112,1.9207461712564793,2.4557597610229647,3
3375,3375,hard,leetcode,-1.3046975135803223,7.3033766746521,-1.9094236691792805,3.2670792939856033,4.880521948615059,3
abc334_d,abc334_d,medium,atcoder,-1.3149235248565674,2.6097328662872314,-1.8480562369028728,1.6842427288561632,1.9899044305205922,3
abc367_c,abc367_c,medium,atcoder,-1.3158230781555176,3.9912338256835938,-3.064767360687256,4.665582656860352,0.0,1
abc341_d,abc341_d,medium,atcoder,-1.3178480863571167,2.811994791030884,0.15255141258239746,3.0699207682715977,9.079177337052611,2
3240,3240,medium,leetcode,-1.3365472555160522,5.63482141494751,-1.1518200635910034,4.998195648193359,0.0,1
2919,2919,hard,leetcode,-1.3539116382598877,4.938559055328369,1.4631940722465515,2.168630255188585,3.6567285938178262,4
abc352_e,abc352_e,hard,atcoder,-1.443975567817688,0.9700134992599487,0.9373604357242584,1.763134668028882,4.191455916031386,4
arc192_a,arc192_a,medium,atcoder,-1.461306095123291,0.9703200459480286,2.8499623934427896,3.093541730439695,4.786275297898945,3
abc384_d,abc384_d,medium,atcoder,-1.4906489849090576,0.9706960916519165,1.933339285850525,3.473857039612425,3.7851614262847093,5
abc375_a,abc375_a,easy,atcoder,-1.4982728958129883,5.1633381843566895,4.9715447425842285,1.642602562904358,0.0,1
arc196_d,arc196_d,hard,atcoder,-1.658642292022705,0.9645792245864868,3.7212796211242676,3.129767417907715,0.0,1
abc390_a,abc390_a,easy,atcoder,-1.6629674434661865,4.2148590087890625,-0.22430157661437988,0.9052820205688477,0.0,1
abc367_b,abc367_b,easy,atcoder,-1.7133150100708008,4.096230506896973,4.36421012878418,3.4288501739501953,0.0,1
3789,3789,hard,leetcode,-1.8401309251785278,6.530313014984131,0.5067134300867716,0.5843685543376664,2.0575065182783487,3
abc350_b,abc350_b,easy,atcoder,-1.9077599048614502,3.576129913330078,0.9599597454071045,0.9264608025550842,0.0,1
abc334_e,abc334_e,hard,atcoder,-2.143752098083496,1.629671335220337,-1.8177942037582397,1.7909891330653582,1.970518579700267,5
abc327_b,abc327_b,easy,atcoder,-2.1848623752593994,3.9874653816223145,3.139681816101074,4.140630722045898,0.0,1
abc371_d,abc371_d,medium,atcoder,-2.263129234313965,4.484025955200195,-0.482621431350708,0.9356714487075806,0.0,1
abc338_b,abc338_b,easy,atcoder,-2.3470797538757324,5.660909175872803,-2.8516626358032227,4.213318347930908,0.0,1
abc304_a,abc304_a,easy,atcoder,-2.3653314113616943,4.015903472900391,-3.3084359169006348,2.6219358444213867,0.0,1
abc371_a,abc371_a,easy,atcoder,-2.3667423725128174,1.0545380115509033,-0.18664753437042236,4.678409099578857,0.0,1
abc370_a,abc370_a,easy,atcoder,-2.368603229522705,9.849068641662598,8.194161415100098,2.2535183429718018,0.0,1
arc182_e,arc182_e,hard,atcoder,-2.4132981300354004,1.105744481086731,1.4530574083328247,0.7187774777412415,0.0,1
abc389_f,abc389_f,hard,atcoder,-2.416416645050049,1.1060972213745117,4.253157436847687,1.4909859046864107,3.516738718135458,4
arc193_a,arc193_a,hard,atcoder,-2.4325976371765137,1.1084657907485962,6.574427366256714,13.769234631369157,2.6273121417210583,2
abc382_c,abc382_c,medium,atcoder,-2.4573211669921875,1.6966556310653687,2.74983549118042,2.02573126411473,6.122601241989407,3
abc313_b,abc313_b,medium,atcoder,-2.553251266479492,1.7175689935684204,-5.309438228607178,2.0924296379089355,0.0,1
abc385_c,abc385_c,medium,atcoder,-2.553323268890381,1.7217873334884644,-2.295325744152069,1.5264833626003713,1.7880541168339354,5
abc312_e,abc312_e,hard,atcoder,-2.605009078979492,1.2647275924682617,-2.529978096485138,1.7530180909577353,2.2120819802476093,2
abc399_f,abc399_f,hard,atcoder,-2.6337850093841553,1.2658836841583252,7.97274923324585,6.50837796968015,2.2614562546348487,2
abc360_c,abc360_c,medium,atcoder,-2.6804189682006836,1.7670552730560303,-3.916653037071228,1.4244538850773016,1.5666347567706942,4
1873_A,1873_A,easy,codeforces,-2.696977376937866,0.8758549094200134,0.6629980206489563,0.7241621017456055,0.0,1
arc188_b,arc188_b,hard,atcoder,-2.7000160217285156,1.267866611480713,2.684617519378662,1.0938149690628052,0.0,1
abc357_d,abc357_d,medium,atcoder,-2.8073923587799072,1.8326829671859741,-1.838079849878947,3.323223234401898,0.48685123231670147,3
abc384_g,abc384_g,hard,atcoder,-2.8222339153289795,1.274370551109314,3.037043889363607,5.938464349699898,6.5922098723146325,3
abc353_e,abc353_e,hard,atcoder,-2.8751494884490967,1.2768954038619995,3.1529096364974976,5.394369200239601,5.469046679538075,4
abc318_d,abc318_d,medium,atcoder,-2.8944008350372314,1.5703951120376587,3.3307744562625885,3.7305367091954733,4.541492857071163,4
abc394_g,abc394_g,hard,atcoder,-2.8951361179351807,1.2781789302825928,6.692508379618327,2.2110677218032024,3.2803390989758556,3
abc377_g,abc377_g,hard,atcoder,-2.904707193374634,1.278808832168579,-2.1737555265426636,2.935423106064796,1.4224815536273623,3
abc356_e,abc356_e,hard,atcoder,-2.917316436767578,1.2798141241073608,-1.1014584004878998,2.3013959435725275,3.447300982748156,4
abc379_d,abc379_d,medium,atcoder,-2.9909844398498535,1.8996838331222534,-0.7737182776133219,1.0800946284310564,2.790174016499976,3
1899_A,1899_A,easy,codeforces,-2.9937658309936523,1.9167122840881348,-3.5959110260009766,12.534586906433105,0.0,1
abc363_b,abc363_b,easy,atcoder,-3.0459654331207275,4.765442848205566,-6.276545524597168,2.5543439388275146,0.0,1
abc366_f,abc366_f,hard,atcoder,-3.136594772338867,1.2352591753005981,-0.11119735240936279,2.939708341054647,4.6611564836326425,3
abc396_f,abc396_f,hard,atcoder,-3.138416051864624,1.2357008457183838,-1.3274372816085815,4.024239950888442,2.594013682463579,4
abc382_f,abc382_f,hard,atcoder,-3.140761613845825,1.2356963157653809,0.558173805475235,2.552535570757959,6.5770395011230285,4
abc364_f,abc364_f,hard,atcoder,-3.158214807510376,1.2376211881637573,3.6940060456593833,4.410726742805351,2.457217988359169,3
abc348_d,abc348_d,hard,atcoder,-3.1625709533691406,1.2379605770111084,2.169877588748932,1.6576284213654733,5.829345185742149,6
abc309_e,abc309_e,hard,atcoder,-3.164332389831543,1.237959384918213,1.4022112369537354,1.1834741024405606,3.2737384573920205,5
abc368_e,abc368_e,hard,atcoder,-3.1857571601867676,1.2404303550720215,3.4603720903396606,7.938038840994761,4.758687832931816,3
abc334_b,abc334_b,medium,atcoder,-3.2801268100738525,0.9007279276847839,-2.4051934480667114,2.254768978011995,2.7791007477788146,3
abc310_e,abc310_e,hard,atcoder,-3.56270432472229,2.5207557678222656,0.5476632714271545,2.5615275904658175,3.632955290919838,4
abc368_a,abc368_a,easy,atcoder,-3.642406940460205,5.168535232543945,0.11175024509429932,2.2119317054748535,0.0,1
abc380_e,abc380_e,hard,atcoder,-3.72219181060791,1.7631419897079468,-1.789629191160202,1.999693284670936,4.144194808014651,6
abc345_b,abc345_b,easy,atcoder,-3.748914957046509,0.9704617261886597,-2.802938461303711,2.175462007522583,0.0,1
abc338_d,abc338_d,hard,atcoder,-3.7962589263916016,1.3592205047607422,-0.33905544877052307,6.467337190280192,6.339643434106654,4
abc340_d,abc340_d,hard,atcoder,-3.820396900177002,1.7961622476577759,-1.2252804040908813,3.5712358951568604,0.0,1
abc304_e,abc304_e,hard,atcoder,-3.8743815422058105,3.4684464931488037,-0.4341482162475586,1.8988773595963309,3.4363244651462646,5
abc337_d,abc337_d,medium,atcoder,-3.945423126220703,2.3898260593414307,1.0129173596700032,2.2240405831572816,4.662515397261544,3
abc388_c,abc388_c,medium,atcoder,-3.949798583984375,2.6625332832336426,1.307547688484192,1.2110618352890015,0.0,1
abc386_f,abc386_f,hard,atcoder,-3.957833766937256,1.3278980255126953,-1.873888889948527,3.2515283540669397,1.4609617135675987,3
abc341_c,abc341_c,medium,atcoder,-3.9788713455200195,1.8857109546661377,0.8751076261202494,1.0705930552433045,6.551123592741438,3
abc375_d,abc375_d,medium,atcoder,-3.999849319458008,5.093556880950928,0.885919600725174,2.2496948754497494,3.1137370158449205,4
abc379_c,abc379_c,medium,atcoder,-4.010773658752441,1.8270208835601807,-2.6718708674112954,1.9622940921663246,2.7402135970804964,3
abc361_b,abc361_b,medium,atcoder,-4.031577110290527,6.883893013000488,-5.601254463195801,2.4411492347717285,0.0,1
abc331_c,abc331_c,medium,atcoder,-4.134399890899658,5.37368631362915,-1.3545373678207397,6.388598918914795,0.0,1
abc390_c,abc390_c,medium,atcoder,-4.2544050216674805,3.2736313343048096,0.16288232803344727,0.7582112317539336,1.5558079229941721,2
1883_B,1883_B,medium,codeforces,-4.323880672454834,1.3668445348739624,3.359309962817601,2.0630800400534115,2.723554241619815,7
abc307_e,abc307_e,hard,atcoder,-4.469428062438965,1.349498987197876,-7.509073734283447,1.445432424545288,0.0,1
abc346_e,abc346_e,hard,atcoder,-4.471611976623535,2.0484213829040527,1.2710684736569722,0.4771688168822859,0.5889447632863765,3
abc309_c,abc309_c,medium,atcoder,-4.524722099304199,3.2670838832855225,0.9549009799957275,0.842034101486206,0.0,1
abc398_d,abc398_d,hard,atcoder,-4.529333591461182,2.097149610519409,0.427267462015152,2.141756543441405,2.991980219720361,4
abc315_c,abc315_c,medium,atcoder,-4.68836784362793,1.3597596883773804,-2.8043218851089478,2.5099356410505487,2.767950746093605,5
abc374_g,abc374_g,hard,atcoder,-4.713435649871826,1.3710042238235474,1.4532976150512695,0.7187789678573608,0.0,1
abc381_e,abc381_e,hard,atcoder,-4.717464447021484,2.183222770690918,-1.872447669506073,1.9761248401853986,2.2582759400885353,4
abc397_f,abc397_f,hard,atcoder,-4.823018550872803,2.245243549346924,0.5920497417449951,2.027627501484596,2.460643377721055,5
abc328_d,abc328_d,hard,atcoder,-4.867025852203369,4.101717948913574,-4.589525858561198,4.75727859484968,2.29056245578004,3
abc322_e,abc322_e,hard,atcoder,-4.884040832519531,1.0637637376785278,0.6055585543314616,4.904482714823742,5.054609181587152,3
abc319_b,abc319_b,easy,atcoder,-4.981050491333008,5.113364219665527,-6.295909881591797,2.285209894180298,0.0,1
abc329_d,abc329_d,medium,atcoder,-5.002662181854248,4.5675048828125,-3.9094287554423013,1.1693524099771082,1.8093927415320998,3
abc374_c,abc374_c,medium,atcoder,-5.1230549812316895,5.599450588226318,4.1044206619262695,1.49204421043396,0.0,1
abc363_c,abc363_c,medium,atcoder,-5.160938262939453,4.386900901794434,-2.8243450125058494,1.3129775341076635,2.946346465288283,6
arc195_a,arc195_a,medium,atcoder,-5.2359724044799805,1.0813881158828735,-1.7113441228866577,1.593106765819673,3.2752258741984925,3
abc381_d,abc381_d,hard,atcoder,-5.349099636077881,2.460362434387207,3.328273296356201,2.260341737426961,4.516531364735492,4
abc385_b,abc385_b,easy,atcoder,-5.36726188659668,4.750545501708984,-1.9606655836105347,4.202324390411377,0.0,1
abc301_b,abc301_b,easy,atcoder,-5.384176254272461,1.390722632408142,6.874591112136841,7.77956245295991,0.44239254093326474,2
abc365_a,abc365_a,easy,atcoder,-5.400188446044922,1.1693679094314575,-2.378783702850342,6.062911033630371,0.0,1
abc376_a,abc376_a,easy,atcoder,-5.6606125831604,6.445132732391357,-2.210958480834961,3.1043453216552734,0.0,1
abc315_d,abc315_d,medium,atcoder,-5.770216941833496,2.749102830886841,-1.256301720937093,2.42564245447435,1.4344221968233848,3
abc376_c,abc376_c,medium,atcoder,-5.772510528564453,2.705627918243408,-0.12210822105407715,2.905893882351725,2.9833472009562465,4
abc314_d,abc314_d,medium,atcoder,-5.792943954467773,1.534787893295288,1.7727595567703247,0.5780331746994546,2.1952400611467944,4
abc326_e,abc326_e,hard,atcoder,-5.8829755783081055,2.8375909328460693,-0.025285840034484863,1.06418166968743,2.472420119046413,4
abc364_d,abc364_d,hard,atcoder,-5.9392170906066895,5.959315776824951,-1.7589348554611206,5.555875778198242,0.0,1
abc344_e,abc344_e,hard,atcoder,-6.019349575042725,6.558571815490723,-1.1129787862300873,1.9597752979796477,2.810720127956303,4
abc338_c,abc338_c,medium,atcoder,-6.023345470428467,1.4148753881454468,9.106921195983887,6.581104278564453,0.0,1
abc314_c,abc314_c,medium,atcoder,-6.297770023345947,7.0870561599731445,-1.4181380867958069,3.184400070444326,1.6575478021948626,2
abc306_c,abc306_c,medium,atcoder,-6.374875068664551,7.2299652099609375,0.45592355728149414,0.6826789275479178,0.9059377421971769,2
abc392_f,abc392_f,hard,atcoder,-6.413223743438721,7.7044196128845215,0.18483098347981772,6.4890769983722665,7.362300483683025,3
abc367_f,abc367_f,hard,atcoder,-6.515261650085449,7.787815570831299,-0.761865496635437,2.8104887026773047,4.17839657747637,3
abc343_c,abc343_c,medium,atcoder,-6.5488386154174805,1.5128029584884644,-5.44692325592041,2.1376736164093018,0.0,1
abc328_e,abc328_e,hard,atcoder,-6.591958522796631,8.067451477050781,-1.6509778261184693,2.3876564334374026,7.3086311392466285,5
abc396_d,abc396_d,medium,atcoder,-6.685069561004639,8.324926376342773,1.3890405654907227,1.4892545233248087,3.9635361122077195,5
abc309_d,abc309_d,medium,atcoder,-6.809883117675781,1.459185242652893,0.30225443840026855,5.515698106533774,4.6582507602852115,2
abc330_e,abc330_e,hard,atcoder,-6.918919086456299,1.4626964330673218,5.078303496042888,2.6183691402619043,3.6931549198000666,3
abc304_b,abc304_b,easy,atcoder,-7.049561500549316,1.4642549753189087,-2.881470024585724,1.4930249964883318,5.8464896953886,2
abc381_c,abc381_c,medium,atcoder,-7.1048126220703125,1.4662144184112549,-1.9349107146263123,1.0413097159683629,2.8862628004404765,2
abc331_e,abc331_e,hard,atcoder,-7.219276428222656,2.3370773792266846,-1.8683064778645833,2.658245283029244,2.7700744281735292,6
abc343_d,abc343_d,medium,atcoder,-7.228932857513428,9.270649909973145,-1.0510954856872559,2.5765146443716955,4.04339332441706,3
abc392_g,abc392_g,hard,atcoder,-7.425671577453613,2.4257149696350098,1.1790246963500977,1.984313544568079,3.7232570835770025,3
abc369_b,abc369_b,easy,atcoder,-7.4327569007873535,2.1609668731689453,0.35229285558064777,3.516863537490398,5.257101787719714,3
abc305_c,abc305_c,medium,atcoder,-7.588460922241211,11.267654418945312,-3.5383896827697754,3.8653380311638474,0.7122345353637769,2
1873_D,1873_D,easy,codeforces,-7.629364967346191,8.481283187866211,-7.552297115325928,3.1326699256896973,0.0,1
abc344_c,abc344_c,medium,atcoder,-7.634444236755371,1.2748157978057861,-2.0685354620218277,2.489734426074286,1.797430488705681,4
abc347_e,abc347_e,hard,atcoder,-7.699793815612793,2.2371692657470703,-0.6528949737548828,5.61320532368403,4.086671722345082,2
abc375_g,abc375_g,hard,atcoder,-7.89719820022583,2.310006618499756,-1.935716986656189,3.5622736994972524,0.388520671352753,3
abc388_f,abc388_f,hard,atcoder,-7.948141574859619,2.6677780151367188,0.0016778111457824707,1.9920581913197402,1.8633771631070288,2
1899_C,1899_C,hard,codeforces,-7.957170486450195,2.150477886199951,4.759085655212402,5.5911149978637695,0.0,1
abc394_c,abc394_c,medium,atcoder,-8.033462524414062,2.362974166870117,3.5291781663894652,2.1431617551377604,1.92722800976402,5
abc378_d,abc378_d,hard,atcoder,-8.371957778930664,1.519675850868225,1.0664742469787598,1.0489903532437583,2.456765197861162,5
abc308_e,abc308_e,hard,atcoder,-8.548425674438477,1.5237804651260376,-2.7528977394104004,3.161049312456153,0.4521064962373397,3
abc400_b,abc400_b,easy,atcoder,-8.608292579650879,1.6127195358276367,-4.625446319580078,1.882175326347351,0.0,1
abc308_f,abc308_f,hard,atcoder,-8.730840682983398,1.4098396301269531,-0.2350857655207316,2.731593500797325,4.11147560427865,3
abc391_f,abc391_f,hard,atcoder,-8.909759521484375,3.1725142002105713,-1.7210682392120362,1.968951585258117,2.5941463480204443,5
abc351_c,abc351_c,medium,atcoder,-9.116544723510742,3.3019847869873047,-2.3187898993492126,3.6842876714316106,1.5758309634910306,2
abc394_d,abc394_d,medium,atcoder,-9.177850723266602,13.772801399230957,-0.16243982315063477,1.0692616209746146,1.3412782827859822,3
abc397_g,abc397_g,hard,atcoder,-9.227827072143555,2.8801326751708984,-3.258826732635498,5.974284648895264,0.0,1
abc329_b,abc329_b,easy,atcoder,-9.23676872253418,6.271929740905762,-5.4481587409973145,23.791532516479492,0.0,1
arc191_d,arc191_d,hard,atcoder,-9.324892044067383,3.4314279556274414,5.971397399902344,4.874385356903076,0.0,1
abc384_c,abc384_c,medium,atcoder,-9.345321655273438,13.598254203796387,-0.7597624063491821,3.2212371826171875,0.0,1
abc301_d,abc301_d,medium,atcoder,-9.53091049194336,3.5654103755950928,1.5283338853291102,2.715402591611838,3.674803947288158,7
abc355_b,abc355_b,easy,atcoder,-9.593547821044922,1.7377269268035889,5.165423393249512,4.580903053283691,0.0,1
abc322_c,abc322_c,medium,atcoder,-9.773517608642578,1.7608484029769897,-1.724753975868225,6.3421549797058105,0.0,1
abc324_a,abc324_a,easy,atcoder,-10.364961624145508,1.390170693397522,4.9989094734191895,4.76373291015625,0.0,1
abc325_e,abc325_e,hard,atcoder,-10.635169982910156,1.6381884813308716,-1.7154333194096882,2.1322399826320297,3.2335256218671073,3
abc308_d,abc308_d,medium,atcoder,-11.195966720581055,1.6792640686035156,-5.459566593170166,2.1418700218200684,0.0,1
abc306_e,abc306_e,hard,atcoder,-11.5740966796875,5.224339008331299,-0.26851526896158856,2.9505059372053215,4.587559053198166,3
abc365_c,abc365_c,medium,atcoder,-13.720893859863281,2.7538297176361084,-1.6727076768875122,6.47873067855835,0.0,1
